<?xml version='1.0' encoding='utf-8' standalone='yes' ?>
<map>
    <long name="last_upload" value="1771558210908" />
    <long name="first_open_time" value="1771558177663" />
    <string name="gmp_app_id">1:590258788164:android:5d7a0410fac3be7a77e911</string>
    <string name="app_instance_id">621d797fc1f0e6dab06cfa98472791fd</string>
    <long name="session_id" value="1771558178" />
    <boolean name="app_backgrounded" value="true" />
    <long name="health_monitor:start" value="1771558177788" />
    <boolean name="deferred_analytics_collection" value="false" />
    <long name="last_delete_stale" value="1189134960" />
    <string name="previous_os_version">9</string>
    <boolean name="has_been_opened" value="true" />
    <string name="health_monitor:value">2WC114010:Service invalid</string>
    <boolean name="allow_remote_dynamite" value="true" />
    <long name="last_pause_time" value="1771558210450" />
    <long name="midnight_offset" value="75325918" />
    <boolean name="start_new_session" value="false" />
    <long name="health_monitor:count" value="1" />
    <long name="last_upload_attempt" value="0" />
</map>
