<?xml version='1.0' encoding='utf-8' standalone='yes' ?>
<map>
    <string name="shared_pre">eyJhbGciOiJIUzI1NiIsInR5cCI6IkpXVCJ9.eyJpZCI6IjY5NmJiODcxZDRhOTA4NDRmY2ExYTE2OSIsIm5vbmNlIjoiYWNjMmI5YjktNmE4NS00NGNjLWI4MDUtYjg2MDI3NGIwNTE2In0.ktNn27BhvwWqR3gEDifm5Llor2OSQ0kaF0lr3KUmw3w</string>
    <string name="device_id">d81cf08c050bfa83</string>
    <string name="user_id">696bb871d4a90844fca1a169</string>
    <string name="user_mobile">+917866076215</string>
    <string name="session_id">fa9ad580-5bae-45fb-97f3-dcc71143038b</string>
    <string name="active_subscription">false</string>
    <int name="last_pid" value="16736" />
    <string name="eligible_for_trial">true</string>
    <long name="session_start" value="1771558178000" />
    <string name="login_session_token">6ca540de-9321-4c4c-9782-5f6e572856b3</string>
    <string name="user_profile_id">6e8c04db-86c4-4609-bba5-fe85762e9e59</string>
</map>
