<?xml version='1.0' encoding='utf-8' standalone='yes' ?>
<map>
    <long name="last_upload" value="1771504476454" />
    <long name="first_open_time" value="1771504465030" />
    <string name="gmp_app_id">1:1016786445882:android:261e15b806ebc08bee7703</string>
    <string name="app_instance_id">aa79e044d3ad441ac103c49714a0d2ed</string>
    <long name="session_id" value="1771504465" />
    <boolean name="app_backgrounded" value="true" />
    <long name="health_monitor:start" value="1771504465151" />
    <boolean name="deferred_analytics_collection" value="false" />
    <long name="last_delete_stale" value="1135421354" />
    <string name="previous_os_version">9</string>
    <boolean name="has_been_opened" value="true" />
    <string name="health_monitor:value">2WC114010:Service invalid</string>
    <boolean name="allow_remote_dynamite" value="true" />
    <long name="last_pause_time" value="1771505242160" />
    <long name="midnight_offset" value="7736778" />
    <boolean name="start_new_session" value="false" />
    <long name="health_monitor:count" value="2" />
    <long name="last_upload_attempt" value="0" />
</map>
