<?xml version='1.0' encoding='utf-8' standalone='yes' ?>
<map>
    <set name="android-installer/com.android.packageinstaller fire-installations/18.0.0 fire-transport/18.2.0 android-min-sdk/24 device-brand/Redmi device-name/lime_in kotlin/2.1.0 fire-android/28 react-native-firebase/21.7.4 fire-core/21.0.0 device-model/lime fire-core-ktx/21.0.0 fire-analytics/22.2.0 android-platform/ fire-fcm/24.1.0 android-target-sdk/36">
        <string>2026-02-19</string>
    </set>
    <long name="fire-count" value="1" />
    <string name="last-used-date">2026-02-19</string>
    <long name="fire-global" value="1771504465227" />
</map>
