<?xml version='1.0' encoding='utf-8' standalone='yes' ?>
<map>
    <long name="first_open_time" value="1771480168452" />
    <string name="gmp_app_id">1:590258788164:android:5d7a0410fac3be7a77e911</string>
    <string name="app_instance_id">8bc000499a43c58cb7cd095dc6cc6e7f</string>
    <long name="session_id" value="1771480168" />
    <boolean name="app_backgrounded" value="true" />
    <long name="health_monitor:start" value="1771480168666" />
    <boolean name="use_service" value="true" />
    <boolean name="deferred_analytics_collection" value="false" />
    <string name="previous_os_version">15</string>
    <boolean name="has_been_opened" value="true" />
    <boolean name="allow_remote_dynamite" value="true" />
    <long name="last_pause_time" value="1771480186366" />
    <boolean name="start_new_session" value="false" />
</map>
