<?xml version='1.0' encoding='utf-8' standalone='yes' ?>
<map>
    <string name="shared_pre">eyJhbGciOiJIUzI1NiIsInR5cCI6IkpXVCJ9.eyJpZCI6IjY5NmJiODcxZDRhOTA4NDRmY2ExYTE2OSIsIm5vbmNlIjoiZmRiZWRhOTUtNDk5Ni00ZjI5LWFjMGQtMGRmMDc3YjNlOGIxIn0.OQEJrjK9_YC_I-bxVXI6Wfvxho7r6a-eu-TLemDApRE</string>
    <string name="device_id">5772cdceddb9070c</string>
    <string name="user_id">696bb871d4a90844fca1a169</string>
    <string name="user_mobile">+917866076215</string>
    <string name="session_id">231d109c-89bf-4cf6-8bc3-f23c99e32f08</string>
    <string name="active_subscription">false</string>
    <int name="last_pid" value="24440" />
    <string name="eligible_for_trial">true</string>
    <long name="session_start" value="1771480168589" />
    <string name="login_session_token">c1876738-2936-449e-9bb6-fb52c52fb2e4</string>
    <string name="user_profile_id">6e8c04db-86c4-4609-bba5-fe85762e9e59</string>
</map>
