<?xml version='1.0' encoding='utf-8' standalone='yes' ?>
<map>
    <string name="shared_pre">eyJhbGciOiJIUzI1NiIsInR5cCI6IkpXVCJ9.eyJpZCI6IjY5NmJiODcxZDRhOTA4NDRmY2ExYTE2OSIsIm5vbmNlIjoiYWNjMmI5YjktNmE4NS00NGNjLWI4MDUtYjg2MDI3NGIwNTE2In0.ktNn27BhvwWqR3gEDifm5Llor2OSQ0kaF0lr3KUmw3w</string>
    <string name="device_id">d81cf08c050bfa83</string>
    <string name="user_id">696bb871d4a90844fca1a169</string>
    <string name="user_mobile">+917866076215</string>
    <string name="session_id">53063c92-cf6b-4303-a378-af7969b249df</string>
    <string name="active_subscription">false</string>
    <int name="last_pid" value="27785" />
    <string name="eligible_for_trial">true</string>
    <long name="session_start" value="1771481947354" />
    <string name="login_session_token">51fc3d63-4a88-432d-8c31-e46af81939e8</string>
    <string name="user_profile_id">6e8c04db-86c4-4609-bba5-fe85762e9e59</string>
</map>
