{"Fid":"fv_MGqMgTJ2g9MjFYGJvDe","Status":3,"AuthToken":"eyJhbGciOiJFUzI1NiIsInR5cCI6IkpXVCJ9.eyJhcHBJZCI6IjE6MTAxNjc4NjQ0NTg4MjphbmRyb2lkOjI2MWUxNWI4MDZlYmMwOGJlZTc3MDMiLCJleHAiOjE3NzIxNzA2NzksImZpZCI6ImZ2X01HcU1nVEoyZzlNakZZR0p2RGUiLCJwcm9qZWN0TnVtYmVyIjoxMDE2Nzg2NDQ1ODgyfQ.AB2LPV8wRQIgX2wwlwTIgDs53drfN9v-r1B0B9hU-BoZ1LwQhL9964wCIQDlg6-Gx8vwlvxYrmET0RjxV1sfIt8SAz5sFBH1PdCVOg","RefreshToken":"3_AS3qfwKXPWmnQEM43X-Xk5c5ZFYdswqGm_0pc4JnYTbAauEY_CKDjc3TWmwippKj4GghHnbsqSeGPAmdUl0vM_lzQT6s3EpjjrZQSjYPemrGsXc","TokenCreationEpochInSecs":1771565878,"ExpiresInSecs":604800}