{"configs_key":{"IN_APP_UPDATE_PRIORITY":"{\"versions\":[{\"versionCode\":139,\"updatePriority\":5,\"isForcedUpdate\":false,\"comment\":\"Coupon\"},{\"versionCode\":120,\"updatePriority\":1,\"isForcedUpdate\":false},{\"versionCode\":119,\"updatePriority\":5,\"isForcedUpdate\":false}]}","ONBOARDING_AD_EXP":"CONTROL","ONBOARDING_EXP":"ONBOARDING_MIXED","ONBOARDING_LANGUAGES":"[\"HINDI\",\"MARATHI\",\"BENGALI\",\"GUJARATI\",\"MALAYALAM\",\"TAMIL\", \"ENGLISH\", \"KANNADA\"]","PREMIUM_INFOMERCIAL":"{\"HINDI\":\"https:\/\/static-assets.pratilipi.com\/audio\/premium\/infomercial\/hindi.mp3\",\"TAMIL\":\"https:\/\/static-assets.pratilipi.com\/audio\/premium\/hindi.mp3\",\"TELUGU\":\"https:\/\/static-assets.pratilipi.com\/audio\/premium\/hindi.mp3\",\"ENGLISH\":\"https:\/\/static-assets.pratilipi.com\/audio\/premium\/hindi.mp3\",\"MARATHI\":\"https:\/\/static-assets.pratilipi.com\/audio\/premium\/infomercial\/marathi.mp3\",\"KANNADA\":\"https:\/\/static-assets.pratilipi.com\/audio\/premium\/hindi.mp3\",\"BENGALI\":\"https:\/\/static-assets.pratilipi.com\/audio\/premium\/infomercial\/bengali.mp3\",\"GUJARATI\":\"https:\/\/static-assets.pratilipi.com\/audio\/premium\/hindi.mp3\",\"MALAYALAM\":\"https:\/\/static-assets.pratilipi.com\/audio\/premium\/hindi.mp3\"}","PREMIUM_LANGUAGES":"[\"HINDI\",\"MARATHI\",\"BENGALI\",\"MALAYALAM\",\"TAMIL\",\"GUJARATI\"]","PROFILE_EXPERIMENT":"NO_LOGIN","SELF_HELP_LANGUAGES":"[]","VARIANT_TYPE":"CAROUSAL","analytics_seen_event":"{ \"styles\": [\"PRATILIPI_HISTORY_AUDIO_CARD_HORIZONTAL\"] }","api_log_enabled":"false","api_retry_meta":"[{\"url\":\"\/v1.0\/user\/register\/guest\",\"retryNumber\":3,\"retryResponseCode\":401}]","bottom_nav_glassmorphism_enabled":"true","feature_flag_amplitude_logging":"{\"isEnabled\":false,\"disableEvents\":[{\"name\":\"Log\",\"type\":\"Trim Memory\"},{\"name\":\"Log\",\"type\":\"Low Memory\"},{\"name\":\"Log\",\"type\":\"Activity Killed\"},{\"name\":\"Log\",\"type\":\"App Performance\"},{\"name\":\"Log\",\"type\":\"Player Error\"},{\"name\":\"Log\",\"type\":\"App Priority Status\",\"value\":\"Background\"},{\"name\":\"Log\",\"type\":\"App Priority Status\",\"value\":\"Foreground\"},{\"name\":\"Log\",\"type\":\"Media Stream Started\"}],\"filter\":{\"versionNames\":[\"5.6.0\",\"5.6.1\"]}}","feature_flag_amplitude_logging_gamma":"{\"isEnabled\":false,\"disableEvents\":[{\"name\":\"Log\",\"type\":\"Trim Memory\"},{\"name\":\"Log\",\"type\":\"Low Memory\"},{\"name\":\"Log\",\"type\":\"Activity Killed\"},{\"name\":\"Log\",\"type\":\"App Performance\"},{\"name\":\"Log\",\"type\":\"Player Error\"},{\"name\":\"Log\",\"type\":\"App Priority Status\",\"value\":\"Background\"},{\"name\":\"Log\",\"type\":\"App Priority Status\",\"value\":\"Foreground\"},{\"name\":\"Log\",\"type\":\"Media Stream Started\"}],\"filter\":{\"versionNames\":[\"5.6.0\",\"5.6.1\",\"5.6.1-qa\"]}}","feature_flag_api_cache":"{\"isEnabled\":true,\"variants\":[{\"buckets\":[0,32],\"style\":\"CONTROL\"},{\"buckets\":[33,65],\"style\":\"CACHE_MODIFIED\",\"cache\":15},{\"buckets\":[66,99],\"style\":\"CACHE_MODIFIED\",\"cache\":5}]}","feature_flag_player_logging":"{\"isEnabled\":false,\"periodMins\":360,\"fileSizeKB\":2048,\"variants\":[{\"disabledLogs\":[\"OnIsLoadingChanged\"],\"userIds\":[6755388443433515,6755388440613069,6755388405460970,6755388418543672,6755388438944549,6755388385664024,6755388442667382,6755388430293204,6755388443160468,6755388442667382,6755388400816978,6755388438944549,6755388407086829,6755388442212104,6755388397829628,6755388413766144,6755388403578351,6755388384044991,6755388413766144,6755388384007730,6755388384507382,6755388441529463,6755388411294687,6755388390452018,6755388440613069,6755388390870156],\"style\":\"EXPERIMENT\"}]}","feature_flag_smart_download_episode_count":"{\"isEnabled\":false,\"max\":4,\"min\":2,\"variants\":[{\"buckets\":[0,100],\"style\":\"EXPERIMENT\"}]}","login_variation":"control","mandatory_login_flag":"false","optimised_home_api_enabled":"true","relogin_timeout_ms":"60000","subscription_payment_polling_duration_ms":"60000","subscription_payment_polling_interval_ms":"5000","subscription_user_state_validator_worker_interval_mins":"360","tracking_failure_detection_enabled":"true"},"fetch_time_key":1772084106665,"abt_experiments_key":[{"experimentId":"_exp_rollout_22","variantId":"1","experimentStartTime":"2025-10-16T16:21:00.644351Z","triggerTimeoutMillis":"15552000000","timeToLiveMillis":"15552000000"}],"personalization_metadata_key":{},"template_version_number_key":251,"rollout_metadata_key":[{"rolloutId":"rollout_22","variantId":"1","affectedParameterKeys":["mandatory_login_flag"]}]}