{"configs_key":{"api_retry_meta":"[]","analytics_seen_event":"{}","feature_flag_amplitude_logging":"{}","subscription_payment_polling_interval_ms":"5000","subscription_user_state_validator_worker_interval_mins":"360","PREMIUM_LANGUAGES":"[HINDI, MARATHI, BENGALI, MALAYALAM]","api_log_enabled":"false","subscription_payment_polling_duration_ms":"60000","mandatory_login_flag":"false","ONBOARDING_LANGUAGES":"[BENGALI, HINDI, GUJARATI, MARATHI, MALAYALAM, TAMIL, ENGLISH, KANNADA]","bottom_nav_glassmorphism_enabled":"false","SELF_HELP_LANGUAGES":"[HINDI]","feature_flag_api_cache":"{}"},"fetch_time_key":0,"abt_experiments_key":[],"personalization_metadata_key":{},"template_version_number_key":0,"rollout_metadata_key":[]}