{"Fid":"dTwRS1l7Tbq2n39pmw_9Av","Status":3,"AuthToken":"eyJhbGciOiJFUzI1NiIsInR5cCI6IkpXVCJ9.eyJhcHBJZCI6IjE6MTI4NTI3NTQyMTc5OmFuZHJvaWQ6MTZhYjZkNzk4ZGQ3ODZmZWI2NWMxNiIsImV4cCI6MTc3MjY4ODkwNywiZmlkIjoiZFR3UlMxbDdUYnEybjM5cG13XzlBdiIsInByb2plY3ROdW1iZXIiOjEyODUyNzU0MjE3OX0.AB2LPV8wRQIhAKdvexTK7DAhF6s_RId20YEr-83KYgZ_u8bJVtkNkK2kAiA7-JG4XJ7tZojvJ0JhZEUF41hvkVY50RWN1m7Gn1V2BQ","RefreshToken":"3_AS3qfwIq2M1bwtT2zCrrJhiTnMZGfy_WUVGvEyBcRVJeCMXcTZLbvoffwCi7NUjooVKilpt3WrUbPmhPSUAG2GUOo0ZYPlnAo9cvZipULNi4Dw","TokenCreationEpochInSecs":1772084107,"ExpiresInSecs":604800}