{"Fid":"d9zHGU5VSpmRIUf2mja4Bm","Status":3,"AuthToken":"eyJhbGciOiJFUzI1NiIsInR5cCI6IkpXVCJ9.eyJhcHBJZCI6IjE6MTA3Mzk5OTc5NTM0OTphbmRyb2lkOmQwM2VmOGY0NjVjZDliMGM4NTc3OWMiLCJleHAiOjE3NzI4NTM5NTksImZpZCI6ImQ5ekhHVTVWU3BtUklVZjJtamE0Qm0iLCJwcm9qZWN0TnVtYmVyIjoxMDczOTk5Nzk1MzQ5fQ.AB2LPV8wRQIhAMsVCBiqaxKuiU6N8amWZ6WCBFRVcdkcG0dCubeDlLswAiBYPotHX4Jz1jLEAsZbRwdmJe1EndzMbJ-thBpTJeM53Q","RefreshToken":"3_AS3qfwKN9TchAYN8Ues2dGzftTRcQqNvkmWDSs6PqjcS_Fgk6fq95joa8N1yykaQY1R5WUwMYAXb0pn9x24TXgCd22fpEEww0sdSaMJRZUkcSDo","TokenCreationEpochInSecs":1772249159,"ExpiresInSecs":604800}