<?xml version='1.0' encoding='utf-8' standalone='yes' ?>
<map>
    <string name="prev_event_name">af_app_opened</string>
    <int name="AF_CACHE_VERSION" value="2" />
    <boolean name="didSendRevenueTriggerOnLastBackground" value="false" />
    <long name="prev_event_timestamp" value="1772282014913" />
    <int name="appsFlyerInAppEventCount" value="2" />
    <long name="prev_session_dur" value="9" />
    <boolean name="ddl_sent" value="true" />
    <long name="af_rc_max_age" value="86400" />
    <string name="sentSuccessfully">true</string>
    <int name="versionCode" value="11" />
    <string name="af_remote_config">eyJmZWF0dXJlcyI6e30sInZlciI6ImRlZmF1bHQudjEuMTYzNzE0OTUyOSJ9</string>
    <string name="savedProperties">{&quot;waitForCustomerId&quot;:&quot;false&quot;,&quot;logLevel&quot;:&quot;0&quot;,&quot;additionalCustomData&quot;:&quot;{\&quot;ta_account_id\&quot;:\&quot;2IN25120450\&quot;,\&quot;ta_distinct_id\&quot;:\&quot;8ee2befc-37ab-42b7-9d62-c25bb96d40b1\&quot;}&quot;,&quot;AppUserId&quot;:&quot;8ee2befc-37ab-42b7-9d62-c25bb96d40b1&quot;}</string>
    <string name="AF_INSTALLATION">1772249165583-1646875733560311395</string>
    <boolean name="afUninstallToken_queued" value="false" />
    <int name="appsFlyerCount" value="4" />
    <long name="af_rc_timestamp" value="1772249165872" />
    <long name="AppsFlyerTimePassedSincePrevLaunch" value="1772282014894" />
    <boolean name="newGPReferrerSent" value="true" />
    <string name="appsFlyerFirstInstall">2026-02-28_085605+0530</string>
    <string name="attributionId">{&quot;af_status&quot;:&quot;Organic&quot;,&quot;af_message&quot;:&quot;organic install&quot;,&quot;is_first_launch&quot;:false}</string>
</map>
