<?xml version='1.0' encoding='utf-8' standalone='yes' ?>
<map>
    <long name="first_open_time" value="1772249158350" />
    <string name="gmp_app_id">1:1073999795349:android:d03ef8f465cd9b0c85779c</string>
    <string name="app_instance_id">0b4138a880ee1ff3616b8d946836c67a</string>
    <boolean name="has_been_opened" value="true" />
    <string name="health_monitor:value">2EC133005:Failed to send current screen to service</string>
    <boolean name="app_backgrounded" value="true" />
    <boolean name="allow_remote_dynamite" value="true" />
    <long name="health_monitor:start" value="1772249174840" />
    <boolean name="use_service" value="true" />
    <boolean name="start_new_session" value="true" />
    <long name="health_monitor:count" value="4" />
</map>
