<?xml version='1.0' encoding='utf-8' standalone='yes' ?>
<map>
    <string name="flutter.userCode">Rl70qjxeptCBH1sA+hxFaQ==&#10;    </string>
    <string name="flutter.auth_token">FP7/xw1Ayn1NGTZN+pKld2SfrxGNe/prMcikOJO8qDcYoLwHWGMAOmZojCI/bSt9&#10;    </string>
    <string name="flutter.projectConfig">qQL1w77bV8OaOfHbbBcAlnRADFKmyBq0AcY8WqY7leQ=&#10;    </string>
    <string name="flutter.af_status">nzpIZ28pY7Jc9WIg0vTPLg==&#10;    </string>
    <string name="flutter.app_uniqueId">gUR78PukcdgnBnb1XriyHwUBh6DN5amHLLqwkatz5VM=&#10;    </string>
    <boolean name="flutter.isVip" value="true" />
</map>
