{"Fid":"c1sInkYZRaWhohX6yFplhl","Status":3,"AuthToken":"eyJhbGciOiJFUzI1NiIsInR5cCI6IkpXVCJ9.eyJhcHBJZCI6IjE6NTkwMjU4Nzg4MTY0OmFuZHJvaWQ6NWQ3YTA0MTBmYWMzYmU3YTc3ZTkxMSIsImV4cCI6MTc3MjA4Njc0OCwiZmlkIjoiYzFzSW5rWVpSYVdob2hYNnlGcGxobCIsInByb2plY3ROdW1iZXIiOjU5MDI1ODc4ODE2NH0.AB2LPV8wRgIhAIuSNVqv8OebrAigYrQ5xHvFqB2fKZXbkLncEVwCH_5dAiEAg-4EXN1CD0muXQ5BI3zy491ZtVFbuWZVusJwbJCzeMQ","RefreshToken":"3_AS3qfwIxr-xN32W1aIjr8ewEFm6hTwcE4kafx7-WAgT5NGTOX2lY62IW-3MFbEExc2ZuyoqgjXa4Iv2wqGm4DtCiJp42wX3Ny0HAjAgkYA12lXI","TokenCreationEpochInSecs":1771481948,"ExpiresInSecs":604800}