{"configs_key":{"all_feature_search_revamped_enabled":"false","user_sign_up_widget_position":"2","fetch_live_scores_polling_duration":"120","mandatory_registration_asset_subtypes":"movie,video,episode,music-videos","feature_music_icon_animation_exposed_count":"2","feature_is_guest_watch_history_enabled":"false","feature_upgrade_nudge_my_profile_enabled":"false","feature_leaderboard_sub_tabs_more":" [\"all_Time_key\"] ","player_max_buffer_ms":"50000","feature_master_zee5_games":"false","feature_hide_content_language_in_user_setting":"false","feature_home_recommendation_rail_svod":"false","feature_home_scroll_toolbar_bottom_visibility":"false","feature_upgrade_directly_to_payment_page":"false","feature_audio_play_from_notification":"false","platform_error_category_details_url":"https:\/\/stcf-prod.zee5.com\/prod\/android\/analytics\/errors\/v1\/error-category-details.json?v=1","feature_is_coach_marks_enabled":"false","all_feature_search_ai_enabled":"false","excluded_payment_providers":"ZEE5,dialog,Apple,PaytmQR,AmazonIAP,PaytmQRUPI,Roku,MyGP,BKASH","feature_cart_abandonment_enabled":"false","all_config_search_suggestion_source":"Sensara","feature_is_banner_gif_animation_enabled":"false","mandatory_registration_seed":"6","lapser_nudge_above_banner":"true","feature_all_is_onelink_autoredirect_enabled":"false","feature_shop_enabled":"false","cronet_config":"{\n            \"enable_cronet_data_source\": false,\n            \"cronet_quick_hints\": []\n            }","feature_subscription_mini_popup_show_after_trailer":"false","svod_country_list":"{\"svod_countries\":[]}","fetch_score_widget_polling_duration":"120","feature_opt_in_notification_total_display_count":"3","feature_is_user_travel_popup_enabled":"false","feature_is_search_landing_page_revamped":"false","feature_in_app_rating_minimum_rating_for_store":"3","feature_churn_arrest_animation_limit_per_render_session":"3","device_management_url":"https:\/\/www.zee5.com\/myprofile\/managedevices","should_use_compose_search":"true","buy_plan_save_percentage_view_image_url":"https:\/\/stcf-prod.zee5.com\/prod\/frontend\/subscription\/resources\/2023-10\/save-plan.png","feature_music_download_availability":"false","feature_subscription_google_play_billing_enabled":"false","feature_xr_server_polling_and_voting_enabled":"false","user_sign_up_widget_show_limit":"3","feature_is_manual_number_input_on_for_home_screen":"false","all_config_upnext_animation_duration":"{\"tvshows\":5,\"movies\":5,\"originals\":5,\"vod\":5}","playback_threshold_setting_default_sliding_window_max_weight":"2000","feature_android_tournament_teams_enabled":"false","feature_remind_me_cta_enabled":"false","feature_latest_and_trending_collection_ids_pt":" {\"in\":\"0-8-3z5219672\",\"default\":\"0-8-3z5219672\"} ","feature_enable_ads_on_consumption_live":"false","feature_send_platform_name_android_auto_enabled":"false","should_enable_music_for_global_region":"true","manage_preferences_url":"https:\/\/zee5.com\/consent-manager","feature_is_premium_icon_visible":"false","all_feature_social_audition_contestant_details":"false","should_enable_search_suggestions":"false","master_feature_zee5_games_feedback_capture":"false","feature_graphql_watch_history_enabled":"false","feature_master_games_interactive_nudge_enabled":"false","feature_enabled_live_seeking_for_live_content":"false","feature_music_new_favourite_screen_enabled":"false","home_deeplink_url_web_based_subscription":"https:\/\/www.zee5.com\/home","feature_is_new_music_content_language_screen_enabled":"false","feature_ads_enable_plan_for_all":"false","juspay_client_id":"zee5_android","feature_latest_and_trending_collection_ids_qa":" {\"in\":\"0-8-3z580666\",\"default\":\"0-8-3z5261842\"} ","feature_android_auto_music_config":"{\n            \"position\": 6,\n            \"widget_visibility_count\": 2\n            }","feature_churn_arrest_enabled":"false","feature_upnext_reco_experiment":"NA","feature_is_show_truecaller_popup_svod_deeplink_back_press":"false","feature_zee5_recently_played_games_config":" {\n            \"tabConfig\": {\n            \"Games\": {\n            \"avod\": {\n            \"isEnabled\": false,\n            \"railConfig\": [\n            {\n            \"position\": 1\n            }\n            ]\n            },\n            \"svod\": {\n            \"isEnabled\": false,\n            \"railConfig\": [\n            {\n            \"position\": 1\n            }\n            ]\n            }\n            }\n            }\n            }","feature_up_next_enabled":"false","home_recommendation_rail_position_guest":"4","feature_user_profiles_enabled":"false","feature_top_search_content_enabled":"true","feature_sse_reactions_enabled":"false","feature_churn_arrest_animation_should_animate":"false","home_recommendation_rail_position_svod":"15","feature_is_clevertap_native_display":"false","feature_zee5_games_page_visible_to_avod":"false","feature_zee_shorts_imdb_icon_visibility":"false","web_based_subscription_banner_image_url":"https:\/\/stcf-nonprod.zee5.com\/dev\/android\/bypassgpay\/webbasedsubscription.png","android_feature_master_game_interactive_widget_enabled":"false","minimum_number_of_home_tabs_to_show":"5","feature_for_you_cms_collection_ids":" {\n            \"in\":\"0-8-3z5258099\",\n            \"default\":\"0-8-3z5261841\"\n            }","days_for_attribution_logic_mixpanel":"30","player_initial_bitrate":"100000","feature_graphql_watchlist_enabled":"false","qc_gamification_settings_tournament_id":"0-6-4z579481","subscription_mini_payment_options":" [\n            {\n            \"name\" :\"\",\n            \"defaultSelected\" :true,\n            \"onlyPaymentIcons\" :true,\n            \"offer\" :\"\",\n            \"toShowPercentIconBeforeOfferText\" :false\n            },\n            {\n            \"name\" :\"Subscription_Bottomsheet_Paymentmode1_Text\",\n            \"defaultSelected\" :false,\n            \"onlyPaymentIcons\" :false,\n            \"offer\" :\"Subscription_Bottomsheet_Paymentoffer1_Text\",\n            \"toShowPercentIconBeforeOfferText\" :true\n            },\n            {\n            \"name\" :\"Subscription_Bottomsheet_Paymentmode2_Text\",\n            \"defaultSelected\" :false,\n            \"onlyPaymentIcons\" :false,\n            \"offer\" :\"\",\n            \"toShowPercentIconBeforeOfferText\" :false\n            },\n            {\n            \"name\" :\"Subscription_Bottomsheet_Paymentmode3_Text\",\n            \"defaultSelected\" :false,\n            \"onlyPaymentIcons\" :false,\n            \"offer\" :\"\",\n            \"toShowPercentIconBeforeOfferText\" :false\n            }\n            ]","all_feature_is_for_you_revamped":"false","is_motivational_journey_enabled_in_advance_renewal":"false","feature_is_auto_sim_login_on":"false","consumption_live_tv_max_up_next_items":"4","music_recently_played_rail_position":"-1","feature_graphql_single_playback_display_ads":"false","feature_android_auto_music_enabled":"false","signup_nudge_video_watch_percentage":"80","feature_below_player_cta_visibility_with_ads":"false","feature_team_squad_categories_title":" {\n            \"All-Rounder\": { \"fe_category\": \"Allrounder\", \"singular_display_text\": {\n            \"translation_key\": \"allrounder\", \"default_translation\": \"All-rounder\" },\n            \"plural_display_text\": { \"translation_key\": \"allrounders\", \"default_translation\": \"All-rounders\"\n            } },\n            \"Batter\": { \"fe_category\": \"Batsman\", \"singular_display_text\": { \"translation_key\": \"batsman\",\n            \"default_translation\": \"Batter\" }, \"plural_display_text\": { \"translation_key\": \"batsmen\",\n            \"default_translation\": \"Batters\"\n            } },\n            \"Bowler\": { \"fe_category\": \"Bowler\", \"singular_display_text\": { \"translation_key\": \"bowler\",\n            \"default_translation\": \"Bowler\" }, \"plural_display_text\": { \"translation_key\": \"bowlers\",\n            \"default_translation\": \"Bowlers\"\n            } },\n            \"WicketKeeper\": { \"fe_category\": \"Wicketkeeper\", \"singular_display_text\": { \"translation_key\": \"wicketkeeper\",\n            \"default_translation\": \"Wicketkeeper\" }, \"plural_display_text\": { \"translation_key\": \"wicketkeepers\",\n            \"default_translation\": \"Wicketkeepers\"\n            } }\n            }","feature_get_search_results_threshold":"3","invoice_cache_deletion_time_in_minutes":"15","blacklisted_analytics_events":"{\n            \"mixpanel\": [],\n            \"clevertap\": [],\n            \"appsflyer\": [],\n            \"algolia\": [],\n            \"amplitude\": [],\n            \"crashlytics\": [],\n            \"xroad\": [],\n            \"firebase\": []\n            } ","feature_graphql_search_recommendation_enabled":"false","all_feature_is_for_you_tool_tip_enabled":"false","feature_zee5_games_grid_config":" {\n            \"tabConfig\": {\n            \"Games\": {\n            \"avod\": {\n            \"isEnabled\": false,\n            \"railConfig\": [\n            {\n            \"position\": 7\n            }\n            ]\n            },\n            \"svod\": {\n            \"isEnabled\": false,\n            \"railConfig\": [\n            {\n            \"position\": 7\n            }\n            ]\n            }\n            }\n            }\n            }","feature_enable_auto_seek_live":"false","feature_is_share_cta_onelink":"false","feature_leaderboard_tabs_sports":"[\"leaderboard_Key\"]","truecaller_popup_is_show_on_first_launch":"false","feature_soft_update_app_launch_count":"3","feature_is_view_count_visible":"false","feature_days_since_popup_shown":"15","all_feature_graphql_upnext_enabled":"false","settings_download_quality_options":" [{\"1080p\":\"Best\"},{\"720p\":\"High\"},{\"360p\":\"Medium\"},{\"180p\":\"Low\"},{\"Ask Each Time\":\"Ask Each Time\"}] ","signup_nudge_terminal_value":"5","all_feature_is_add_ons_nav_bottom_tab_enabled":"false","feature_graphql_send_otp_enabled":"false","fe_svod_ads_check_plan_list":"[]","exp_conviva_vst_improvement_enabled":"false","feature_subscription_google_iap_in_juspay_enabled":"false","feature_motivational_renewal_display_limit_per_day":"3","feature_sos_service":"false","page_rail_positions_android_pt":"https:\/\/stcf-nonprod.zee5.com\/dev\/android\/for-you\/rail-positions\/v1\/rail-positions.json","all_feature_help_center_config":"{\n            \"external_browser_enabled\": false,\n            \"external_browser_auth_token_enabled\": false\n            }","juspay_merchant_id":"zee5","leaderboard_config_url":"https:\/\/stcf-prod.zee5.com\/prod\/frontend\/ilt\/2024\/tournament\/{tournament-id}.json","feature_master_user_data_collection_enabled":"false","feature_graphql_social_register_login":"false","x_min_playback_free_config_save_interval_ms":"10000","game_rail_tabs_collection_id_config":" {\n            \"all\": \"0-8-5831\",\n            \"premium\": \"0-8-5831\",\n            \"tvshows\": \"0-8-5831\",\n            \"movies\": \"0-8-5831\",\n            \"news\": \"0-8-5831\",\n            \"music\": \"0-8-5831\",\n            \"learning\": \"0-8-5831\",\n            \"Rent\": \"0-8-5831\",\n            \"sports\": \"0-8-5831\",\n            \"originals\": \"0-8-5831\",\n            \"foryou\": \"0-8-5831\"\n            } ","app_launch_countryapi_cache_time_in_minutes":"1440","feature_master_zee5_games_grid":"false","european_country_list_consent_popup":" AL,AD,AT,BY,BE,BA,BG,HR,CZ,DK,EE,FO,FI,FR,DE,GI,GR,VA,HU,IS,IE,IT,LV,LI,LT,LU,MK,MT,MD,MC,NL,NO,PL,PT,RO,SM,SK,SI,ES,SJ,SE,CH,UA,GB,FX,YU ","gamification_config_url":"https:\/\/stcf-prod.zee5.com\/prod\/frontend\/quiz\/2024\/{game-mapper-id}-config.json","android_feature_config_premium_collection_id":"0-8-premiumcontents","feature_music_icon_animation_session_count":"4","should_enable_podcast_global_for_android_auto":"true","feature_user_data_collection_offline_enabled":"false","error_tracking_success_http_status_code":"[200,201]","feature_subscription_v2_enabled":" {\n            \"is_feature_enabled\": false,\n            \"enabled_countries\":[\n            \"IN\"\n            ],\n            \"is_enabled_for_global_all_countries\": false\n            }","consumption_subscription_nudge":" {\n            \"consumption_nudge_enabled_countries\":[\n            \"IN\",\n            \"UK\"\n            ],\n            \"consumption_nudge_pop_up_enabled\":false,\n            \"consumption_nudge_banner_enabled\":false,\n            \"consumption_nudge_overlay_enabled\":false,\n            \"consumption_nudge_organic_user_enabled\":false,\n            \"consumption_nudge_paid_campaign_enabled\":false,\n            \"consumption_nudge_guest_user_enabled\":false,\n            \"consumption_nudge_registered_user_enabled\":false,\n            \"consumption_paused_nudge_wait_duration\":10,\n            \"consumption_nudge_video_url\":\"https:\/\/stcf-prod.zee5.com\/prod\/pwa\/animations\/subscription-nudge.json?v=2\",\n            \"consumption_nudge_duration\":5,\n            \"consumption_nudge_frequency\":5,\n            \"consumption_nudge_animation_enabled\":false,\n            \"consumption_nudge__animation_limit_per_render_session\":3\n            }","intro_carousel_collection":"0-8-2401","feature_zee_shorts_screen":"false","feature_graphql_register_otp":"false","feature_zee_shorts_info_screen":"false","android_masthead_combine_template":"{\n            \"template_id\": \"\",\n            \"image_compose_view\": false,\n            \"video_template_priority\": \"legacy_side_companion\",\n            \"supported_video_templates\": [\n            \"legacy_side_companion\",\n            \"video_with_full_companion\",\n            \"video_with_companion_at_bottom_top\"\n            ]\n            }","feature_consumption_leaderboard_and_rewards_tabs":" [\"leaderboard_key\",\"overwise_winners_key\",\"rewards_key\"] ","feature_filter_content_language_widget_is_visible":"false","payment_nudge_image_url":"https:\/\/stcf-nonprod.zee5.com\/dev\/android\/monetisation\/nudge\/2024-05\/back_on_payment_banner.png","feature_in_app_rating_invoking_events":"[ {\n            \"event\": \"CTAs\",\n            \"property\": \"Element\",\n            \"value\": \"Invite a Friend\",\n            \"user_types\": [\n            \"Premium\",\n            \"premium\",\n            \"club premium\",\n            \"Club Premium\",\n            \"clubpremium\",\n            \"club premium\",\n            \"Club\",\n            \"registered\",\n            \"Registered\",\n            \"Guest\",\n            \"guest\"\n            ]\n            },\n            {\n            \"event\": \"Share\",\n            \"property\": \"Page Name\",\n            \"value\": \"ConsumptionPage\",\n            \"user_types\": [\n            \"Premium\",\n            \"premium\",\n            \"club premium\",\n            \"Club Premium\",\n            \"clubpremium\",\n            \"club premium\",\n            \"Club\",\n            \"registered\",\n            \"Registered\",\n            \"Guest\",\n            \"guest\"\n            ]\n            },\n            {\n            \"event\": \"Subscription Call Returned\",\n            \"property\": \"Success\",\n            \"value\": true,\n            \"user_types\": [\n            \"Premium\",\n            \"premium\",\n            \"club premium\",\n            \"Club Premium\",\n            \"clubpremium\",\n            \"club premium\",\n            \"Club\",\n            \"registered\",\n            \"Registered\"\n            ]\n            },\n            {\n            \"event\": \"Video Exit\",\n            \"property\": \"Watch Time Percentage\",\n            \"value\": 80,\n            \"user_types\": [\n            \"Premium\",\n            \"premium\",\n            \"club premium\",\n            \"Club Premium\",\n            \"clubpremium\",\n            \"club premium\",\n            \"Club\",\n            \"registered\",\n            \"Registered\",\n            \"Guest\",\n            \"guest\"\n            ]\n            }] ","concurrent_live_users_timer_in_seconds":"60L","feature_home_recommendation_rail_registered":"false","feature_subscription_google_play_billing_india_enabled":"false","feature_music_lyrics_enabled":"false","feature_master_music_icon_animation":"false","music_splash_screen_lottie_url":"https:\/\/stcf-prod.zee5.com\/prod\/android\/music\/resources\/v1\/splash-lottie.json","referral_discount":"15","conviva_config":"{\n            \"enable_analytics\": true,\n            \"key\": \"28bbf0a3decf6d1165032bfd835d6e1844c5d44d\",\n            \"gateway_url\": \"https:\/\/cws.conviva.com\",\n            \"is_logging_enabled\": false\n            }","all_feature_social_audition_polls_quizzes":"false","all_feature_is_for_you_revamped_enabled_for_tablets":"false","ipml_web_view_url":"https:\/\/ipml.zee5.com","feature_ilt_config":"{\n            \"tournamentId\":\"0-6-4z579481\",\n            \"seasonId\":\"0-2-5z579482\",\n            }","android_masthead_refresh_tab_list_items":"2","feature_music_video_ads_repeat_count":"5","feature_subscription_v3_configuration":" {\n            \"enabled_countries\": [\"IN\"],\n            \"is_enabled_for_global_all_countries\": false,\n            \"home_language_content_selection\": {\n            \"is_feature_enabled\": false\n            },\n            \"home_language_pack_rail\": {\n            \"is_feature_enabled\": false,\n            \"rail_position\": 4,\n            \"background_image_url\": \"\"\n            },\n            \"home_language_belly_banner\": {\n            \"is_feature_enabled\": false,\n            \"rail_position\": 6,\n            \"background_image_url\": \"https:\/\/stcf-nonprod.zee5.com\/dev\/android\/monetisation\/subv3\/2024-11\/lang_belly_banner.png\"\n            },\n            \"consumption_belly_upgrade_banner\": {\n            \"is_feature_enabled\": false,\n            \"background_image_url\": \"https:\/\/stcf-nonprod.zee5.com\/dev\/android\/monetisation\/subv3\/2024-11\/upgrade_banner.png\"\n            },\n            \"upgrade_nudge_bottom_sheet\": {\n            \"is_feature_enabled\": false,\n            feature_days_since_popup_shown: 15\n            },\n            \"post_purchase_display_nudge\": {\n            \"is_feature_enabled\": false\n            },\n            \"subscription_language_plan_page\": {\n            \"is_feature_enabled\": false,\n            \"is_custom_plan_position_top\": false,\n            \"background_image_url\": \"https:\/\/stcf-nonprod.zee5.com\/dev\/android\/monetisation\/subv3\/2024-11\/language_plan_card_background.png\"\n            }\n            }","feature_is_referral_non_mandatory_login_enable":"false","feature_music_icon_animation_repeat_count":"3","feature_recaptcha_enterprise_android_site_key":"6LcLjz0pAAAAAD_YPe7fJBm-npwH79v2rnOW4aaG","more_screen_coach_mark_duration":"5000","all_feature_social_audition_leaderboard":"false","android_feature_game_interactive_widget_enabled":" {\n            \"tabConfig\": {\n            \"all\": {\n            \"avod\": {\n            \"isEnabled\": false,\n            \"railConfig\": [\n            {\n            \"position\": 4\n            }\n            ]\n            }\n            }\n            }\n            }","delay_before_loading_related_content_in_seconds":"3","app_launch_launchapi_cache_time_in_minutes":"1440","player_enable_decoder_fallback":"false","feature_is_previous_login_history":"false","player_force_enable_l3_device_models":"[\"SM-A315F\"]","feature_is_mandatory_onboarding_on":"false","all_feature_home_swipe_refresh_enabled":"false","feature_graphql_collection_api_enabled":"false","feature_home_music_tab_list":"[\n            {\n            \"key\": \"home\",\n            \"title\": \"All\"\n            },\n            {\n            \"key\": \"podcast\",\n            \"title\": \"Podcasts\"\n            }\n            ]","feature_is_share_cta_onelink_sports_content":"false","fetch_short_scorecard_polling_duration":"120","android_zas_promo_ads_enable":"{\n            \"is_zas_promo_enabled\": false,\n            \"playback_delay_in_sec\": 0\n            }","feature_user_choice_billing_india_enabled":"false","truecaller_show_popup_limit":"3","player_init_starting_bitrate":"-1","all_feature_continue_watch_dismiss_delay_duration":"5000","country_list_api_version_v2":"5.0","feature_custom_push_notification_session":"2","feature_scoreboard_widget":"false","feature_live_match_statistics_chart":"false","uat_gamification_settings_tournament_id":"0-6-4z5259647-s2","android_feature_is_games_play_count_enabled":"false","all_config_gen_ai_search_red_dot":" {\n            \"gen_ai_search_red_dot_count\" : 5\n            } ","feature_reactions_enabled":"false","feature_home_sports_animation_should_animate":"false","player_prioritize_time_over_thresholds":"false","should_root_device_blocked":"true","feature_is_user_sign_up_nudge_visible":"false","truecaller_show_popup_interval":"2","feature_leaderboard_sports_enabled":"false","feature_recent_search_ui_revamped":"true","feature_master_consumption_subscription_nudge":"false","feature_is_show_referral_nudge_on_subscription_exit":"false","plan_expired_anim_duration":"5000","all_config_aggregator_add_ons_cw_rail_position":"2","feature_graphql_channel_by_genre":"false","filter_content_language_widget_config":"{\n            \"default_widget_position\": 3,\n            \"filtered_widget_position\": 11,\n            \"widget_impression_count\": 5,\n            \"tabs\":[\"all\"]\n            }","prepaid_code_prefix_list":"Z5","feature_consumption_user_comments_enabled":"false","master_feature_zee5_music_feedback_capture":"false","feature_master_opt_in_notification_enabled":"false","feature_app_launches_before_popup":"4","player_playback_start_after_rebuffer_ms":"5000","all_feature_match_config_prod_url":"https:\/\/stcf-prod.zee5.com\/prod\/frontend\/ilt\/2024\/matches\/{matchId}.json","consumption_music_max_up_next_items":"4","web_based_subscription_help_url":"\"https:\/\/helpcenter.zee5.com\/portal\/en\/home\"","feature_polling_enabled_in_consumption":"false","home_recommendation_rail_position_registered":"4","android_masthead_prefetch_ads_enabled":"{\n            \"is_prefetch_enabled\": false,\n            \"delay_for_same_ad_request_in_sec\": 0,\n            \"prefetch_screen_ids\": []\n            } ","show_hide_buy_plan_save_percentage_view":"true","referral_belly_show_tab_list":"all,tvshows,movies,premium","nudge_enabled_ids":" 0-11-2007,0-11-1036,0-11-1037,0-11-938,0-11-937,0-11-1481,0-11-2029,0-11-1996,0-11-1997,0-11-927,0-11-1608,0-11-1987,0-11-1988,0-11-1982,0-11-1605,0-11-2028,0-11-1500,0-11-943,0-11-1888,0-11-1128,0-11-941,0-11-1598,0-11-1604,0-11-1824,0-11-1505,0-11-1499,0-11-1806,0-11-926,0-11-1517,0-11-1878,0-11-1880,0-11-1891,0-11-1892,0-11-1874,0-11-1805,0-11-1790,0-11-1796,0-11-1795,0-11-1875,0-11-1840,0-11-1870,0-11-1923,0-11-1922,0-11-1576,0-11-1801,0-11-1800,0-11-1926,0-11-1814,0-11-2027,0-11-1919,0-11-1918,0-11-1944,0-11-180,0-11-18109 ","feature_mynft_enabled":"false","feature_consumption_user_comments_reply_enabled":"false","feature_is_in_app_rating_enabled":"false","share_content_consumption_body":"I recommend watching %2$s on %1$s App. Click here to watch it too %3$s","mandatory_registration_interval":"6","all_feature_search_ai_enabled_for_tablets":"false","feature_graphql_up_next_enabled":"false","feature_graphql_channel_genre":"false","feature_graphql_for_you_collections":"false","feature_to_authenticate_via_truecaller_on_subscription_enabled":"false","privacy_policy_url":"https:\/\/www.zee5.com\/privacypolicy","all_config_aggregator_add_ons_collection_id_apigee_qc":"0-8-3z583194","player_vast_max_redirect":"4","feature_is_dai_ads":"true","feature_coach_marks_duration":"5000","feature_travel_dialog_pop_up_image":"https:\/\/stcf-nonprod.zee5.com\/qc\/mobile\/travelling-user\/globe.png","player_retry_max_limit":"-1","feature_tvod_deeplink_direct_payment_enabled":"false","gql_is_reco_consumption_page_enabled":"false","feature_download_state_card_ui":"false","kids_safe_feature_enabled_for_versioncode_and_above":"202620010","should_enable_app_exit_display_ad":"false","feature_consumption_user_comments_update_enabled":"false","is_special_offer_nudge_enabled":"true","home_recommendation_rail_position_premium":"4","feature_tobacco_advisory_config":"{\"aston_band_config\":{\"enable\":false,\"position\":\"BOTTOM_START\",\"image_path_strategy\":\"RELATIVE\"},\"video_segment_config\":{\"enable\":false}}","feature_subscription_v2_improvements_enabled":"false","error_body_tracking_api_code":"[\"GBC\"]","feature_custom_push_notification_dialog":"false","gamification_settings_tournament_id":"0-6-4z5259647-s2","feature_video_pip_mode_enabled":"false","feature_subscription_apply_code_enabled":"false","all_config_gen_ai_search_prompts_position":"{\n            \"prompt_gen_ai_suggestions_position\": 0,\n            \"prompt_refined_suggestions_position\": 4,\n            \"prompt_more_suggestion_for_you\": 4,\n            \"prompt_go_back_position\": 5\n            }","feature_is_live_cricket_on":"true","should_enable_app_exit_display_banner_ads":"false","feature_banner_enabled":"false","feature_seekbar_with_ad_cue_enabled":"false","feature_sticky_scorecard":"false","all_config_aggregator_add_ons_collection_id":"0-8-3z5461622","feature_maximum_number_of_tv_login_scans":"15","feature_companion_banner_ad_in_landscape_enabled":"false","feature_is_call_reco_api_guest_hp":"false","show_content_descriptor_duration":"5000","all_config_social_audition":" {\n            \"collection_id\": \"\",\n            \"show_duration\": \"90\",\n            \"show_name\": \"\"\n            } ","subscription_gapi_providers_list":" { \"SA\": [ \"VIRGINKSA\", \"ZAINKSA\" ], \"BH\": [ \"ZAINBAHRAIN\" ], \"KW\": [ \"VIVAKUWAIT\" ] }","is_kids_safe_feature_enabled":"false","feature_referral_discount_global":"30","referral_belly_widget_position":"2","feature_content_partner_subs_text_visible":"false","home_recommendation_rail_position_avod":"4","zsfl_web_view_url":"https:\/\/srgmplilchamps.zee5.com\/srgmplilchampsvoting\/","android_feature_zee5_games_interactive_nudge_config":" {\n            \"tabConfig\": {\n            \"all\": {\n            \"avod\": {\n            \"isEnabled\": false,\n            \"railConfig\": [\n            {\n            \"position\": 4\n            }\n            ]\n            }\n            }\n            }\n            }","learning_tab_id":"0-8-8514","feature_latest_and_trending_collection_ids":" {\"country\":{\"in\":\"0-8-3z5254026\",\"default\":\"0-8-3z5261842\"}} ","feature_graphql_vc_related_enabled":"false","android_feature_zee5_game_puzzle_show_instructions_gif":"false","feature_master_zee5_recently_played_games":"false","mandatory_nth_video_view_show_limit_per_app_launch":"2","all_feature_social_audition":"false","feature_android_native_pip_enabled":"false","consumption_news_max_up_next_items":"4","feature_home_sports_animation_limit_per_render_session":"3","minimum_time_since_login_for_force_refresh_token_on_subscriptions_change":"5","feature_zee5_games_rail_visible_to_avod":"false","playback_threshold_setting_default_max_height_to_discard":"719","all_feature_should_load_for_you_at_app_launch":"false","subscribe_now_cta_url":"https:\/\/stcf-prod.zee5.com\/prod\/frontend\/subscriptions\/resources\/2023-10\/subscription-cta\/index.html","feature_trivia_quiz_enabled":"false","advance_renewal_motivational_stories":" {\n            \"stories_array\": [\n            {\n            \"is_welcome_screen\": true,\n            \"content_type\": \"\",\n            \"url\": \"\",\n            \"view_alignment\": \"center\",\n            \"duration_type\": \"\",\n            \"translationKey_Title_1\": \"\",\n            \"translationKey_Title_2\": \"\",\n            \"translationKey_Title_3\": \"\",\n            \"translationKey_Title_4\": \"\",\n            \"show_discount_text\": false\n            },\n            {\n            \"is_welcome_screen\": false,\n            \"content_type\": \"video\",\n            \"url\": \"https:\/\/stcf1.zee5.com\/images\/advancerenewal\/MotivationScreen1.mp4\",\n            \"view_alignment\": \"bottom\",\n            \"duration_type\": \"watched\",\n            \"translationKey_Title_1\": \"advancerenewal_motivation1_title1_text\",\n            \"translationKey_Title_2\": \"advancerenewal_motivation1_title2_text\",\n            \"translationKey_Title_3\": \"advancerenewal_motivation1_title3_text\",\n            \"translationKey_Title_4\": \"advancerenewal_motivation1_title4_text\",\n            \"show_discount_text\": false\n            },\n            {\n            \"is_welcome_screen\": false,\n            \"content_type\": \"video\",\n            \"url\": \"https:\/\/stcf1.zee5.com\/images\/advancerenewal\/MotivationScreen2.mp4\",\n            \"view_alignment\": \"top\",\n            \"duration_type\": \"\",\n            \"translationKey_Title_1\": \"advancerenewal_motivation2_title1_text\",\n            \"translationKey_Title_2\": \"advancerenewal_motivation2_title2_text\",\n            \"translationKey_Title_3\": \"\",\n            \"translationKey_Title_4\": \"advancerenewal_motivation2_title4_text\",\n            \"show_discount_text\": false\n            },\n            {\n            \"is_welcome_screen\": false,\n            \"content_type\": \"image\",\n            \"url\": \"https:\/\/stcf1.zee5.com\/images\/advancerenewal\/MotivationScreen3.png\",\n            \"view_alignment\": \"bottom\",\n            \"duration_type\": \"\",\n            \"translationKey_Title_1\": \"\",\n            \"translationKey_Title_2\": \"advancerenewal_motivation3_title2_text\",\n            \"translationKey_Title_3\": \"\",\n            \"translationKey_Title_4\": \"advancerenewal_motivation3_title4_text\",\n            \"show_discount_text\": false\n            },\n            {\n            \"is_welcome_screen\": false,\n            \"content_type\": \"video\",\n            \"url\": \"https:\/\/stcf1.zee5.com\/images\/advancerenewal\/MotivationScreen4.mp4\",\n            \"view_alignment\": \"bottom\",\n            \"duration_type\": \"saved\",\n            \"translationKey_Title_1\": \"\",\n            \"translationKey_Title_2\": \"advancerenewal_motivation4_title2_text\",\n            \"translationKey_Title_3\": \"advancerenewal_motivation4_title3_text\",\n            \"translationKey_Title_4\": \"advancerenewal_motivation4_title4_text\",\n            \"show_discount_text\": false\n            },\n            {\n            \"is_welcome_screen\": false,\n            \"content_type\": \"image\",\n            \"url\": \"https:\/\/stcf1.zee5.com\/images\/advancerenewal\/MotivationScreen5.png\",\n            \"view_alignment\": \"bottom\",\n            \"duration_type\": \"\",\n            \"translationKey_Title_1\": \"advancerenewal_motivation5_title1_text\",\n            \"translationKey_Title_2\": \"advancerenewal_motivation5_title2_text\",\n            \"translationKey_Title_3\": \"\",\n            \"translationKey_Title_4\": \"\",\n            \"show_discount_text\": false\n            }\n            ],\n            \"tier_info\": [\n            {\n            \"tier\": 1,\n            \"translationKeyTitle\": \"advancerenewal_discountscreen_tier1title_text\",\n            \"translationKeySubTitle\": \"advancerenewal_discountscreen_tier1subtitle_text\",\n            \"translationKeySubTitle2\": \"advancerenewal_discountscreen_tier1subtitle2_text\"\n            },\n            {\n            \"tier\": 2,\n            \"translationKeyTitle\": \"advancerenewal_discountscreen_tier2title_text\",\n            \"translationKeySubTitle\": \"advancerenewal_discountscreen_tier2subtitle_text\",\n            \"translationKeySubTitle2\": \"advancerenewal_discountscreen_tier2subtitle2_text\"\n            },\n            {\n            \"tier\": 3,\n            \"translationKeyTitle\": \"advancerenewal_discountscreen_tier3title_text\",\n            \"translationKeySubTitle\": \"advancerenewal_discountscreen_tier3subtitle_text\",\n            \"translationKeySubTitle2\": \"advancerenewal_discountscreen_tier3subtitle2_text\"\n            }\n            ]\n            }","feature_is_custom_in_app_rating_enabled":"false","feature_gdpr_compliance_consent_enabled":"false","is_more_screen_coach_mark_enabled":"false","feature_graphql_add_to_watchlist_api_enabled":"false","feature_is_subscription_mini":"false","feature_immersive_detail_screen_rail_info_":"{\n            \"rail_id\": \"1761~1\",\n            \"rail_name\": \"reco_rail_zee_shorts\",\n            \"position\": 0\n            } ","feature_enable_refer_and_earn":"false","feature_home_recommendation_rail_avod":"false","feature_leaderboard_sub_tabs_consumption":" [\"this_Match_Key\",\"all_Time_key\"] ","user_data_collection_options":" {\n            \"userType\": [\n            \"Registered\",\n            \"Subscribed\"\n            ],\n            \"region\": [\n            \"IN\"\n            ],\n            \"genderCapture\": {\n            \"startCount\": 1\n            },\n            \"ageGroups\": {\n            \"startCount\": 2,\n            \"options\": [\n            \"18-24\",\n            \"25-32\",\n            \"33-44\",\n            \"45+\"\n            ]\n            },\n            \"dobCapture\": {\n            \"startCount\": 0,\n            \"genderMale\": {\n            \"wisher\": \"Alia\",\n            \"assetUrl\": \"https:\/\/d25sy8j2j82mw3.cloudfront.net\/0-8-3z597239\/listclean\/1170x658\/screenshot20220228at25403pm-3b49781e-c317-48fd-b859-e11a4f2a1593.png\"\n            },\n            \"genderFemale\": {\n            \"wisher\": \"Hrithik\",\n            \"assetUrl\": \"https:\/\/d25sy8j2j82mw3.cloudfront.net\/0-8-3z597237\/listclean\/1170x658\/screenshot20220228at25547pm-a3b2ebed-8989-406b-8088-953a3b0ce1d9.png\"\n            },\n            \"genderOther\": {\n            \"wisher\": \"Bebo\",\n            \"assetUrl\": \"url\"\n            }\n            }\n            }","feature_graphql_truecaller_enabled":"false","player_vast_ads_timeout":"10000","consent_policy_version":"1.0","feature_custom_push_notification_first_launch":"3","feature_for_you_cms_collection_ids_pt":" {\n            \"in\":\"0-8-3z5220895\",\n            \"default\":\"0-8-3z5220895\"\n            }","feature_preselected_pack_to_payment_page":" {\n            \"consumption_nudge_banner_enabled\":false,\n            \"consumption_nudge_overlay_enabled\":false,\n            \"banner_image_url_below_player\":\"https:\/\/stcf-nonprod.zee5.com\/dev\/android\/monetisation\/nudge\/2024-05\/below_player_nudge.png\",\n            \"banner_image_url_overlay_player\":\"https:\/\/stcf-nonprod.zee5.com\/dev\/android\/monetisation\/nudge\/2024-05\/overlay_player_nudge.png\"\n            }","all_feature_social_widget_timer":"false","music_content_language_widget_position":"-1","feature_advance_renewal_motivation_enabled":"false","feature_user_data_collection_enabled":"false","feature_is_add_ons_rail_auto_scroll_enabled":"false","all_feature_social_audition_polls_and_chat":"false","feature_list_api_enabled":"false","feature_revamped_watchlist_enabled":"false","feature_for_you_cms_collection_ids_qa":" {\n            \"in\":\"0-8-3z580118\",\n            \"default\":\"0-8-3z580124\"\n            }","all_feature_continue_watch_bottom_sheet_enabled":"false","feature_show_more_tab_notification_badge":"false","platform_error_code_category_mapping_url":"https:\/\/stcf-prod.zee5.com\/prod\/android\/analytics\/errors\/v1\/error-messages.json","video_stream_quality_options":" [{\n            \"label\": \"Auto\",\n            \"sublabel\": \"Recommended\",\n            \"minWidth\": 256,\n            \"maxWidth\": 1920,\n            \"oldLabel\": \"Auto\",\n            \"translationKey\": \"Player_Settings_Video_Quality_Auto\"\n            },\n            {\n            \"label\": \"Full HD\",\n            \"sublabel\": \"1080p\",\n            \"minWidth\": 1920,\n            \"maxWidth\": 1920,\n            \"oldLabel\": \"Best\",\n            \"translationKey\": \"Player_Settings_Video_Quality_Highest\"\n            },\n            {\n            \"label\": \"HD\",\n            \"sublabel\": \"720p\",\n            \"minWidth\": 1024,\n            \"maxWidth\": 1280,\n            \"oldLabel\": \"High\",\n            \"translationKey\": \"Player_Settings_Video_Quality_High\"\n            },\n            {\n            \"label\": \"SD\",\n            \"sublabel\": \"480p\",\n            \"minWidth\": 640,\n            \"maxWidth\": 854,\n            \"oldLabel\": \"Medium\",\n            \"translationKey\": \"Player_Settings_Video_Quality_Medium\"\n            },\n            {\n            \"label\": \"DataSaver\",\n            \"sublabel\": \"240p\",\n            \"minWidth\": 256,\n            \"maxWidth\": 428,\n            \"oldLabel\": \"Low\",\n            \"translationKey\": \"Player_Settings_Video_Quality_DataSaver\"\n            }]","feature_otpless_enabled":"false","android_feature_can_show_games_exit_dialog":"false","terms_of_use_url":"https:\/\/www.zee5.com\/termsofuse","feature_graphql_user_exists":"false","android_feature_master_zee5_game_puzzle_nudge":"false","music_avod_global_download_limit":"20","feature_consumption_user_comments_deletion_enabled":"false","feature_graphql_get_watch_history_enabled":"false","nudge_disable_planid":"0-11-1481","feature_churn_arrest_journey":" {\n            \"is_churn_arrest_enabled\":false,\n            \"enabled_countries\":[\n            \"US\"\n            ],\n            \"included_payment_providers\":[\n            \"AdyenZee5Americas\",\n            \"AdyenZee5europe\",\n            \"AdyenZee5apac\",\n            \"AdyenZee5africa\",\n            \"AdyenZee5middleeast\",\n            \"AdyenZee5canada\"\n            ]\n            } ","feature_is_zeeplex_icon_visible":"false","all_config_for_you_red_dot":"{\"for_you_red_dot_count\" : 5}","mandatory_registration_business_types":"advertisement_downloadable","mandatory_language_selection":" {\n            \"is_enabled\": false,\n            \"supported_primary_languages\": [\"hi\", \"kn\", \"te\", \"ta\", \"ml\", \"mr\", \"bn\"],\n            \"default_url\": \"https:\/\/imgstg.zee5.com\/image\/upload\/frontend\/language_icons\/Z5_{language_code}_Default.png\",\n            \"selected_url\": \"https:\/\/imgstg.zee5.com\/image\/upload\/frontend\/language_icons\/Z5_{language_code}_Selected.png\"\n            } ","feature_top_download_revamped_ui":"false","playback_threshold_setting_default_min_duration_for_quality_increase_ms":"10000","search_debounce_time_millis":"500","content_playback_metadata":"{\"a\":[{\"tag\":\"dolbyplus\",\"e\":3,\"dt\":\"5.1\",\"ic\":\"ddp\",\"codec\":{\"mt\":\"audio\/eac3\",\"w\":0,\"h\":0,\"co\":\"\",\"ch\":6,\"s\":false}},{\"tag\":\"atmos\",\"e\":4,\"dt\":\"ATMOS\",\"ic\":\"ddp\",\"codec\":{\"mt\":\"audio\/eac3-joc\",\"w\":0,\"h\":0,\"co\":\"\",\"ch\":6,\"s\":true}}],\"v\":[{\"tag\":\"4k_hevc\",\"dt\":\"4K\",\"codec\":{\"mt\":\"video\/hevc\",\"w\":3840,\"h\":2160,\"co\":\"hev1.2.4.L153.B0\",\"ch\":0,\"s\":true}}]}","is_redirect_lapser_to_subscription_page_enabled":"false","feature_continue_watching_rail_position":" [\n            {\n            \"user_type\": \"Registered\",\n            \"position\": 1\n            },\n            {\n            \"user_type\": \"Premium\",\n            \"position\": 1\n            }\n            ]","mandatory_nth_video_view_show_limit":"5","share_content_consumption_subject":"I’ve just watched %2$s on %1$s, check it out! %3$s","feature_deep_link_directly_to_payment_page":" {\n            \"is_direct_to_payment_page\": false,\n            \"deeplink_types\": [\n            \"CLP\"\n            ]\n            }","feature_is_android_clevertap_app_inbox":"false","feature_upcoming_collection_ids":" {\"country\":{\"in\":\"0-8-3367\",\"us\":\"0-8-8095\",default\":\"0-8-6292\"}} ","feature_is_show_register_banner_on_consumption_screen":"false","is_mandatory_registration_non_skippable":"false","feature_zee5_games_rail_visible_to_svod":"false","feature_is_api_error_log_on":"false","enable_fe_svod_check_for_ads":"false","sms_auto_read_hash_code":"\"\"","feature_home_recommendation_rail_onairshows":"false","feature_graphql_is_added_to_watchlist_enabled":"false","feature_show_recently_played_games_streak":"false","feature_is_android_device_manangement":"false","feature_enable_games_data_collection":"false","feature_guest_watch_history_local_storage_count":"10","feature_subscription_via_web_flow_enabled":"false","feature_new_activate_tv_journey_enabled":"false","feature_gamification_nudge_config":"{\n            \"bg_banner_url\": \"https:\/\/stcf-prod.zee5.com\/prod\/frontend\/resources\/2024\/quiz\/{game-mapper-id}-bg.png\",\n            \"portrait_image_url\": \"https:\/\/stcf-prod.zee5.com\/prod\/frontend\/resources\/2024\/quiz\/{game-mapper-id}-portrait.png\"\n            }","feature_home_recommendation_rail_guest":"false","feature_upcoming_collection_ids_pt":" {\"in\":\"0-8-3367\",\"us\":\"0-8-3367\",default\":\"0-8-3367\"} ","all_feature_is_reco_enabled_in_consumption_page":"false","feature_music_banner_ads_enabled":"false","translations_url":"https:\/\/stcf-prod.zee5.com\/prod\/frontend\/translations\/v1\/translations.json?v=7.53","referral_landing_header_image_url":"https:\/\/akamaividz2.zee5.com\/image\/upload\/referral\/referral_landing_page_top_image.png","feature_should_load_reminders":"false","terms_of_use_polling_and_voting_url":"https:\/\/www.zee5.com\/predictandwint_cpp","feature_post_payment_pending_subscription_enabled":" {\n            \"enabled\": false,\n            \"pending_image_url\": \"https:\/\/stcf-nonprod.zee5.com\/dev\/android\/monetisation\/paymentpending\/2024-05\/banner.png\",\n            \"pending_payment_wait_time\": 30,\n            \"refresh_check_status_count_down_timer\": 30\n            }","feature_advance_renewal_campaign_enabled":"false","playback_threshold_setting_default_bandwidth_fraction":"0.7","player_max_ads_media_bitrate":"0","feature_live_content_watch_history_update_in_millis":"120000","videoqualitypreference":"false","feature_music_splash_animation_should_animate":"false","blacklisted_device_info":" {\n            \"blacklisted4kDevices\":[],\n            \"blacklistedDolbyDevices\": [],\n            \"blacklistedHevcDevices\": [],\n            \"blacklistedDolbyVisionDevices\": []\n            } ","feature_graphql_verify_otp_email_mobile":"false","up_next_trigger_duration":"60","feature_landscape_reactions_enabled":"false","feature_music_carousel_screen_enabled":"{\n            \"master\": false,\n            \"songCard\": false,\n            \"languageCard\": false,\n            \"searchCard\": false,\n            }","feature_is_call_reco_api_hp":"false","feature_home_page_live_score_update":"false","feature_enable_mini_music_player":"false","android_feature_zee5_games_puzzle_grid_size":"3","feature_consumption_screen_featured_movies_rail":"false","sports_leaderboard_config_data":" {\n            \"leaderboard\": [\n            {\n            \"image\": \"https:\/\/stcf-nonprod.zee5.com\/pt\/frontend\/resources\/2024\/tournament\/0-6-4z5259647-s2-reward1.png\",\n            \"title\": \"Play, win and celebrate with\",\n            \"subtitle\": \"Rewards this cricket season!\"\n            },\n            {\n            \"image\": \"https:\/\/stcf-nonprod.zee5.com\/pt\/frontend\/resources\/2024\/tournament\/0-6-4z5259647-s2-reward2.png\",\n            \"title\": \"Collect points daily and\",\n            \"subtitle\": \"Climb up the leaderboard\"\n            },\n            {\n            \"image\": \"https:\/\/stcf-nonprod.zee5.com\/pt\/frontend\/resources\/2024\/tournament\/0-6-4z5259647-s2-reward3.png\",\n            \"title\": \"Plat daily and stand a chance to\",\n            \"subtitle\": \"Win season’s Grand Prize\"\n            }\n            ],\n            \"rewards\": {\n            \"emptyRewards\": [\n            {\n            \"image\": \"https:\/\/stcf-nonprod.zee5.com\/pt\/frontend\/resources\/2024\/tournament\/0-6-4z5259647-s2-reward1.png\",\n            \"title\": \"Play, win and celebrate with\",\n            \"subtitle\": \"Rewards this cricket season!\"\n            },\n            {\n            \"image\": \"https:\/\/stcf-nonprod.zee5.com\/pt\/frontend\/resources\/2024\/tournament\/0-6-4z5259647-s2-reward2.png\",\n            \"title\": \"Collect points daily and\",\n            \"subtitle\": \"Climb up the leaderboard\"\n            },\n            {\n            \"image\": \"https:\/\/stcf-nonprod.zee5.com\/pt\/frontend\/resources\/2024\/tournament\/0-6-4z5259647-s2-reward3.png\",\n            \"title\": \"Plat daily and stand a chance to\",\n            \"subtitle\": \"Win season’s Grand Prize\"\n            }\n            ],\n            \"withRewards\": [\n            {\n            \"title\": \"You have won rewards\",\n            \"subtitle\": \"Congratulations\",\n            \"image\": \"https:\/\/stcf-nonprod.zee5.com\/pt\/frontend\/resources\/2024\/tournament\/0-6-4z5259647-s2-reward-won.png\"\n            }\n            ]\n            }\n            }","feature_is_mandatory_onboarding_on_for_subscribed_user":"false","offers_to_fetch_from_url":"https:\/\/stcf-prod.zee5.com\/prod\/pwa\/offers.json","is_intermediate_screen_enabled":"false","feature_music_splash_animation_limit_per_render_session":"1","profile_avatars_url":"https:\/\/stcf-prod.zee5.com\/prod\/profiles\/v1\/profiles_avatar.json","cancel_subscription_renewal_reasons":" CancelRenewalDialog_Reason_Content_Text,CancelRenewalDialog_Reason_UnableViewPremiumContent_Text,CancelRenewalDialog_Reason_DontWatchPremiumContent_Text,CancelRenewalDialog_Reason_ExpensivePlans_Text,CancelRenewalDialog_Reason_Others_Text ","game_multiple_rail_config":" { \"tabMapping\": {\n            \"all\": [ { \"position\": 10, \"start_index\": 0, \"end_index\": 8 }, { \"position\": 13, \"start_index\": 9, \"end_index\": 16 } ],\n            \"foryou\": [ { \"position\": 5, \"start_index\": 0, \"end_index\": 8 }]\n            }\n            }","feature_celebrity_ama_session_v2":"false","concurrent_live_users_retry_count":"2","all_feature_hybrid_search_results_enabled":"false","feature_is_search_result_page_revamped":"false","content_language_widget_position":"-1","feature_music_video_ads_start_play_count":"5","fetch_key_moments_polling_duration":"120","playback_threshold_setting_default_max_width_to_discard":"1279","feature_is_avod_download_disabled":"true","feature_music_video_ads_enabled":" [\n            {\n            \"user_type\": \"Registered\",\n            \"visible\": 0\n            },\n            {\n            \"user_type\": \"Guest\",\n            \"visible\": 1\n            },\n            {\n            \"user_type\": \"Premium\",\n            \"visible\": 0\n            }\n            ]","feature_graphql_ilt20_enabled":"false","all_feature_social_audition_live_chat":"false","feature_master_games_udc_enabled":"false","enable_viewport_orientation_may_change":"false","feature_is_campaign_in_app_rating_enabled":"false","playback_threshold_setting_default_min_duration_to_retain_after_discard_ms":"25000","all_feature_custom_carousel_banners":"false","player_playback_start_buffer_ms":"2500","feature_cricket_concurrency_enabled":"false","feature_skip_mandatory_onboarding":"false","concurrent_live_users_api_timeout":"30000","continuous_lang_specific_music_playlist_mapping":" [\n            {\n            \"language\": \"Telugu\",\n            \"playlist_id\": \"125936\"\n            },\n            {\n            \"language\": \"Tamil\",\n            \"playlist_id\": \"125935\"\n            },\n            {\n            \"language\": \"Hindi\",\n            \"playlist_id\": \"125926\"\n            },\n            {\n            \"language\": \"English\",\n            \"playlist_id\": \"125937\"\n            },\n            {\n            \"language\": \"Bengali\",\n            \"playlist_id\": \"125943\"\n            },\n            {\n            \"language\": \"Marathi\",\n            \"playlist_id\": \"125944\"\n            },\n            {\n            \"language\": \"Kannada\",\n            \"playlist_id\": \"125940\"\n            },\n            {\n            \"language\": \"Odia\",\n            \"playlist_id\": \"125930\"\n            },\n            {\n            \"language\": \"Bhojpuri\",\n            \"playlist_id\": \"125938\"\n            },\n            {\n            \"language\": \"Gujarati\",\n            \"playlist_id\": \"125932\"\n            },\n            {\n            \"language\": \"Malayalam\",\n            \"playlist_id\": \"125941\"\n            },\n            {\n            \"language\": \"Rajasthani\",\n            \"playlist_id\": \"125931\"\n            },\n            {\n            \"language\": \"Punjabi\",\n            \"playlist_id\": \"125942\"\n            },\n            {\n            \"language\": \"Haryanvi\",\n            \"playlist_id\": \"125929\"\n            },\n            {\n            \"language\": \"Assamese\",\n            \"playlist_id\": \"125928\"\n            },\n            {\n            \"language\": \"default\",\n            \"playlist_id\": \"125926\"\n            }\n            ]","privacy_policy_polling_and_voting_url":"https:\/\/www.zee5.com\/predictandwint_cpp","sos_service_system_status_url":"https:\/\/stcf-prod.zee5.com\/prod\/frontend\/session-control\/v1\/system-status.json?appName=android_mobile","user_sign_up_incentive_type":"Incentive_Ads_Free","all_config_watchparty":"{\"endpoint\":\"watchpartywebview\",\"codec\":[\"vp8\",\"vp9\",\"av1\"],\"max_bitrate\":100000,\"isEnabled\":false,\"tnc_url\":\"https:\/\/www.zee5.com\/termsofuse\",\"guideline_url\":\"https:\/\/www.zee5.com\/zee5communityguidelines\"}","feature_xmin_playback_free_enabled":"false","config_music_add_user_playlist_rail":"{\"enable\":0,\"rail_position\":4} ","feature_is_adjacent_top_ten_rail_visible":"false","android_feature_zee5_games_puzzle_nudge_config":" {\n            \"tabConfig\": {\n            \"all\": {\n            \"avod\": {\n            \"isEnabled\": false,\n            \"railConfig\": [\n            {\n            \"position\": 4\n            }\n            ]\n            }\n            }\n            }\n            }","feature_watch_with_add_on_cta_enabled":"false","feature_dynamic_subscribe_button":"false","feature_nudge_on_payment_back_enabled":"false","feature_home_recommendation_rail_premium":"false","playback_threshold_setting_default_max_duration_for_quality_decrease_ms":"25000","feature_music_splash_screen_enabled":"false","feature_is_back_to_partner_cta_on_player_enabled":"false","feature_music_recently_played_enabled":"false","feature_is_recaptcha_play_integrity_enabled":"false","feature_celebrity_ama_session":"false","feature_music_icon_animation_start_session_count":"3","error_body_tracking_on_http_status_code":"[400]","feature_is_enabled_mandatory_nth_video_view":"false","about_us_url":"https:\/\/www.zee5.com\/aboutus","feature_signup_nudge":"false","player_min_buffer_ms":"50000","feature_zee5_games_page_visible_to_svod":"false","feature_graphql_epg_enabled_":"false","feature_detect_graphql_maintenance_errors":"false","feature_consumption_content_user_reaction":"false","page_rail_positions_android":"https:\/\/stcf-prod.zee5.com\/prod\/android\/for-you\/rail-positions\/v1\/rail-positions.json","is_sports_leaderboard_image_slider_enabled":"false","contextual_nudges_enabled":"true","all_feature_mobile_houzee":"false","feature_parent_control_setting_show_count":"0","feature_enable_refer_and_earn_belly_banner":"false","player_media_ads_timeout":"10000"},"fetch_time_key":0,"abt_experiments_key":[],"personalization_metadata_key":{},"template_version_number_key":0,"rollout_metadata_key":[]}