<?xml version='1.0' encoding='utf-8' standalone='yes' ?>
<map>
    <string name="b3fc21f20796f9e0">696bb871d4a90844fca1a169</string>
    <string name="session_id">d836bdbf-bf12-4f3b-9eb0-aa9add6ca9f5</string>
    <int name="last_pid" value="29707" />
    <string name="shared_pre">eyJhbGciOiJIUzI1NiIsInR5cCI6IkpXVCJ9.eyJpZCI6IjY5NmJiODcxZDRhOTA4NDRmY2ExYTE2OSIsIm5vbmNlIjoiZmRiZWRhOTUtNDk5Ni00ZjI5LWFjMGQtMGRmMDc3YjNlOGIxIn0.OQEJrjK9_YC_I-bxVXI6Wfvxho7r6a-eu-TLemDApRE</string>
    <long name="session_start" value="1771484520515" />
    <string name="login_session_token">03ca98cb-f53d-4a86-bfff-40c7fb3a5105</string>
</map>
