{"Fid":"eAAD6uNWTnuG7VwMqiWWAE","Status":3,"AuthToken":"eyJhbGciOiJFUzI1NiIsInR5cCI6IkpXVCJ9.eyJhcHBJZCI6IjE6NTkwMjU4Nzg4MTY0OmFuZHJvaWQ6NWQ3YTA0MTBmYWMzYmU3YTc3ZTkxMSIsImV4cCI6MTc3MjE2Mjk3OSwiZmlkIjoiZUFBRDZ1TldUbnVHN1Z3TXFpV1dBRSIsInByb2plY3ROdW1iZXIiOjU5MDI1ODc4ODE2NH0.AB2LPV8wRQIgMeQ4GxIs_jbmeYPSzAzZo8f2GtgAG-_5uO6YhOMsypkCIQD5m5MmslOCthgckpe3Ga51sRtcne_9nwfb52Anfso74Q","RefreshToken":"3_AS3qfwIHPQ7wRWyiWo_F_iNleTn8NYYGoHkUT1UBUYkoMcpbRwIABKuPUvjykfpOib1mE5iO6_QBHBOVSHw-HnJkUBOymfbgXOgUO7dmW--afg","TokenCreationEpochInSecs":1771558179,"ExpiresInSecs":604800}