<?xml version='1.0' encoding='utf-8' standalone='yes' ?>
<map>
    <long name="com.facebook.appevents.SessionInfo.sessionStartTime" value="1771481947527" />
    <long name="com.facebook.appevents.SessionInfo.sessionEndTime" value="1771481971242" />
    <string name="com.facebook.appevents.UserDataStore.userData">{&quot;ct&quot;:&quot;e3b0c44298fc1c149afbf4c8996fb92427ae41e4649b934ca495991b7852b855&quot;,&quot;st&quot;:&quot;e3b0c44298fc1c149afbf4c8996fb92427ae41e4649b934ca495991b7852b855&quot;,&quot;country&quot;:&quot;e3b0c44298fc1c149afbf4c8996fb92427ae41e4649b934ca495991b7852b855&quot;,&quot;ln&quot;:&quot;e3b0c44298fc1c149afbf4c8996fb92427ae41e4649b934ca495991b7852b855&quot;,&quot;zp&quot;:&quot;e3b0c44298fc1c149afbf4c8996fb92427ae41e4649b934ca495991b7852b855&quot;,&quot;em&quot;:&quot;e3b0c44298fc1c149afbf4c8996fb92427ae41e4649b934ca495991b7852b855&quot;,&quot;fn&quot;:&quot;e3b0c44298fc1c149afbf4c8996fb92427ae41e4649b934ca495991b7852b855&quot;,&quot;ph&quot;:&quot;1fede4e11eae8c23137d191dd44431627eb45e7e47c5ec89d7b672e4111ba66a&quot;,&quot;db&quot;:&quot;e3b0c44298fc1c149afbf4c8996fb92427ae41e4649b934ca495991b7852b855&quot;,&quot;ge&quot;:&quot;e3b0c44298fc1c149afbf4c8996fb92427ae41e4649b934ca495991b7852b855&quot;}</string>
    <string name="com.facebook.appevents.UserDataStore.internalUserData"></string>
    <int name="com.facebook.appevents.SessionInfo.interruptionCount" value="0" />
    <string name="com.facebook.appevents.SessionInfo.sessionId">0715d6eb-4bcb-40b6-bc42-8149a4b909bd</string>
</map>
