<?xml version='1.0' encoding='utf-8' standalone='yes' ?>
<map>
    <int name="AF_CACHE_VERSION" value="1" />
    <string name="prev_event_name">af_deeplink_received</string>
    <long name="prev_event_timestamp" value="1771006258537" />
    <boolean name="didSendRevenueTriggerOnLastBackground" value="false" />
    <int name="appsFlyerInAppEventCount" value="8" />
    <long name="prev_session_dur" value="6" />
    <long name="af_rc_max_age" value="86400" />
    <boolean name="ddl_sent" value="true" />
    <string name="sentSuccessfully">true</string>
    <int name="versionCode" value="5040201" />
    <string name="af_remote_config">eyJmZWF0dXJlcyI6e30sInZlciI6ImRlZmF1bHQudjEuMTYzNzE0OTUyOSJ9</string>
    <string name="savedProperties">{&quot;waitForCustomerId&quot;:&quot;false&quot;,&quot;logLevel&quot;:&quot;0&quot;,&quot;AppUserId&quot;:&quot;296563598&quot;}</string>
    <string name="AF_INSTALLATION">1771006216661-2668725784990591357</string>
    <boolean name="afUninstallToken_queued" value="false" />
    <int name="appsFlyerCount" value="5" />
    <long name="af_rc_timestamp" value="1771006217205" />
    <long name="AppsFlyerTimePassedSincePrevLaunch" value="1771006258525" />
    <string name="first_launch">{&quot;net&quot;:1157,&quot;from_fg&quot;:1283,&quot;start_with&quot;:&quot;application&quot;,&quot;init_to_fg&quot;:1404}</string>
    <string name="appsFlyerFirstInstall">2026-02-13_234017+0530</string>
</map>
