<?xml version='1.0' encoding='utf-8' standalone='yes' ?>
<map>
    <int name="AF_CACHE_VERSION" value="1" />
    <string name="prev_event_name">af_login</string>
    <boolean name="didSendRevenueTriggerOnLastBackground" value="false" />
    <long name="prev_event_timestamp" value="1772001976654" />
    <int name="appsFlyerInAppEventCount" value="3" />
    <long name="prev_session_dur" value="39" />
    <long name="af_rc_max_age" value="86400" />
    <boolean name="ddl_sent" value="true" />
    <string name="sentSuccessfully">true</string>
    <string name="af_remote_config">eyJmZWF0dXJlcyI6e30sInZlciI6ImRlZmF1bHQudjEuMTYzNzE0OTUyOSJ9</string>
    <int name="versionCode" value="564" />
    <string name="savedProperties">{&quot;logLevel&quot;:&quot;0&quot;,&quot;api_store_value&quot;:&quot;1024074a&quot;}</string>
    <string name="AF_INSTALLATION">1772001909438-4315777593665402738</string>
    <boolean name="afUninstallToken_queued" value="false" />
    <int name="appsFlyerCount" value="2" />
    <long name="af_rc_timestamp" value="1772001910003" />
    <long name="AppsFlyerTimePassedSincePrevLaunch" value="1772001944646" />
    <string name="INSTALL_STORE">1024074a</string>
    <string name="appsFlyerFirstInstall">2026-02-25_144510+0800</string>
    <string name="attributionId">{&quot;install_time&quot;:&quot;2026-02-25 06:45:12.849&quot;,&quot;af_message&quot;:&quot;organic install&quot;,&quot;af_status&quot;:&quot;Organic&quot;,&quot;is_first_launch&quot;:false}</string>
</map>
