<?xml version='1.0' encoding='utf-8' standalone='yes' ?>
<map>
    <long name="last_upload" value="1772001988838" />
    <long name="first_open_time" value="1772001906122" />
    <string name="gmp_app_id">1:279615118932:android:27d633888bd22f745357c1</string>
    <string name="app_instance_id">747352ae06d4ff87633c30a8ead86f5f</string>
    <long name="deep_link_retrieval_attempts" value="1" />
    <long name="session_id" value="1772001906" />
    <boolean name="app_backgrounded" value="true" />
    <long name="health_monitor:start" value="1772001906282" />
    <boolean name="deferred_analytics_collection" value="false" />
    <long name="last_delete_stale" value="1632865361" />
    <string name="previous_os_version">9</string>
    <boolean name="has_been_opened" value="true" />
    <string name="health_monitor:value">2WC130000:Callable skipped the worker queue.</string>
    <boolean name="allow_remote_dynamite" value="true" />
    <long name="last_pause_time" value="1772001983344" />
    <long name="midnight_offset" value="23355497" />
    <boolean name="start_new_session" value="false" />
    <long name="health_monitor:count" value="2" />
    <long name="last_upload_attempt" value="0" />
</map>
