<?xml version='1.0' encoding='utf-8' standalone='yes' ?>
<map>
    <long name="com.applovin.sdk.launch_count" value="1" />
    <long name="com.applovin.sdk.last_launch_timestamp" value="1772001906052" />
    <string name="com.applovin.sdk.device_test_group">58</string>
    <boolean name="com.applovin.sdk.launched_before" value="true" />
    <long name="com.applovin.sdk.install_date" value="1772001876000" />
    <string name="com.applovin.sdk.latest_installed_version">13.4.0</string>
    <string name="com.applovin.sdk.user_id">81366838547863</string>
    <boolean name="com.applovin.sdk.has_seen_but_not_accepted_privacy_policy" value="false" />
</map>
