<?xml version='1.0' encoding='utf-8' standalone='yes' ?>
<map>
    <long name="fire-count" value="1" />
    <string name="last-used-date">2026-02-25</string>
    <long name="fire-global" value="1772001906224" />
    <set name="fire-installations/18.0.0 fire-rc/22.1.2 device-name/lime_in fire-android/28 fire-app-check/18.0.0 fire-abt/21.1.1 kotlin/2.2.10 fire-gcs/21.0.2 fire-core/21.0.0 device-model/lime fire-core-ktx/21.0.0 android-platform/ fire-sessions/2.1.2 fire-cls/19.4.4 android-target-sdk/35 fire-transport/19.0.0 android-installer/com.android.packageinstaller device-brand/Redmi android-min-sdk/23 fire-fiam/21.0.2 fire-fcm/24.1.2 fire-perf/21.0.5 fire-analytics/22.5.0 fire-cfg-ktx/22.1.2 fire-analytics-ktx/22.5.0 fire-fiamd/21.0.2">
        <string>2026-02-25</string>
    </set>
</map>
