<?xml version='1.0' encoding='utf-8' standalone='yes' ?>
<map>
    <int name="AF_CACHE_VERSION" value="1" />
    <string name="prev_event_name">home_screen_opened</string>
    <boolean name="didSendRevenueTriggerOnLastBackground" value="true" />
    <long name="prev_event_timestamp" value="1771507798044" />
    <int name="appsFlyerInAppEventCount" value="4" />
    <long name="prev_session_dur" value="8" />
    <boolean name="ddl_sent" value="true" />
    <long name="af_rc_max_age" value="86400" />
    <int name="versionCode" value="261" />
    <string name="af_remote_config">eyJmZWF0dXJlcyI6e30sInZlciI6ImRlZmF1bHQudjEuMTYzNzE0OTUyOSJ9</string>
    <string name="savedProperties">{&quot;waitForCustomerId&quot;:&quot;false&quot;,&quot;logLevel&quot;:&quot;0&quot;,&quot;oneLinkSlug&quot;:&quot;tlS1&quot;,&quot;AppUserId&quot;:&quot;cmgx8yir70m8xpbp1alxb2c0q&quot;}</string>
    <string name="AF_INSTALLATION">1771507598600-8581952354745345886</string>
    <int name="appsFlyerCount" value="6" />
    <long name="AppsFlyerTimePassedSincePrevLaunch" value="1771507791072" />
    <long name="af_rc_timestamp" value="1771507599152" />
    <boolean name="newGPReferrerSent" value="true" />
    <string name="appsFlyerFirstInstall">2026-02-19_185639+0530</string>
</map>
