<?xml version='1.0' encoding='utf-8' standalone='yes' ?>
<map>
    <long name="first_open_time" value="1771507598120" />
    <string name="gmp_app_id">1:1016786445882:android:261e15b806ebc08bee7703</string>
    <string name="app_instance_id">1d594fea35b2c5f7d62d8f6ad9b7e166</string>
    <boolean name="has_been_opened" value="true" />
    <boolean name="app_backgrounded" value="true" />
    <boolean name="allow_remote_dynamite" value="true" />
    <long name="health_monitor:start" value="1771507604749" />
    <boolean name="use_service" value="true" />
    <boolean name="start_new_session" value="true" />
</map>
