<?xml version='1.0' encoding='utf-8' standalone='yes' ?>
<map>
    <boolean name="events_user_id_present" value="true" />
    <string name="people_distinct_id">26b3a6ad-eef1-491e-b8f2-ee6defb7154a</string>
    <string name="events_distinct_id">26b3a6ad-eef1-491e-b8f2-ee6defb7154a</string>
    <string name="anonymous_id">123258ff-8003-4535-add0-6eda5be2fb7e</string>
    <string name="super_properties">{&quot;User Type&quot;:&quot;Premium&quot;,&quot;Platform Name&quot;:&quot;Android&quot;}</string>
    <boolean name="had_persisted_distinct_id" value="false" />
</map>
