<?xml version='1.0' encoding='utf-8' standalone='yes' ?>
<map>
    <string name="customerKey">28bbf0a3decf6d1165032bfd835d6e1844c5d44d</string>
    <long name="lastCachedRemoteConfigTimestamp" value="1770879715430" />
    <string name="installed_before">YES</string>
    <string name="session_state_CAT">{&quot;sessionIndex&quot;:2,&quot;storageMechanism&quot;:&quot;LOCAL_STORAGE&quot;,&quot;firstEventTimestamp&quot;:&quot;2026-02-12T07:06:28.846Z&quot;,&quot;firstEventId&quot;:&quot;0c5526b9-5331-4cfd-a728-dbb2054b6344&quot;,&quot;sessionId&quot;:&quot;1c22e62a-4c20-4b04-9890-cfd081d0cf51&quot;,&quot;previousSessionId&quot;:&quot;8ee36e79-9bfb-42a1-b243-0f72d860c800&quot;,&quot;userId&quot;:&quot;2f13e8a5-7e2f-4208-a8c3-d7e89eb805ae&quot;}</string>
    <string name="sensorVersion">1.2.1</string>
    <string name="sdkConfig">{&quot;iId&quot;:1771332238,&quot;clId&quot;:&quot;359772260.1638192211.1128091741.1465445561&quot;}</string>
    <string name="SPInstallationUserId">2f13e8a5-7e2f-4208-a8c3-d7e89eb805ae</string>
</map>
