<?xml version='1.0' encoding='utf-8' standalone='yes' ?>
<map>
    <int name="d_ts" value="0" />
    <int name="dh" value="0" />
    <int name="hgt" value="14" />
    <string name="av">39.42.3</string>
    <int name="v" value="2" />
    <int name="wdt" value="6" />
    <string name="j_n">Zm1gcwcJAgBlaw==</string>
    <string name="i_n">ZWtqfAMHBAZmaQ==</string>
    <int name="r_ts" value="1770879996" />
    <string name="k_n">DHhgfVADUAI2Pn8uMjxjZgYJAFF6OGotZXc3LgRUVFI1bWN+YztwFg==</string>
    <string name="id">RKW-4R7-785Z</string>
    <string name="j_s">{}</string>
</map>
