<?xml version='1.0' encoding='utf-8' standalone='yes' ?>
<map>
    <string name="prev_event_name">home_screen_opened</string>
    <int name="AF_CACHE_VERSION" value="1" />
    <boolean name="didSendRevenueTriggerOnLastBackground" value="true" />
    <long name="prev_event_timestamp" value="1771566504531" />
    <int name="appsFlyerInAppEventCount" value="7" />
    <long name="prev_session_dur" value="2" />
    <boolean name="ddl_sent" value="true" />
    <long name="af_rc_max_age" value="86400" />
    <string name="sentSuccessfully">true</string>
    <string name="af_remote_config">eyJmZWF0dXJlcyI6e30sInZlciI6ImRlZmF1bHQudjEuMTYzNzE0OTUyOSJ9</string>
    <int name="versionCode" value="261" />
    <string name="savedProperties">{&quot;onelinkVersion&quot;:&quot;3&quot;,&quot;logLevel&quot;:&quot;0&quot;,&quot;oneLinkSlug&quot;:&quot;tlS1&quot;,&quot;onelinkDomain&quot;:&quot;viralo.onelink.me&quot;,&quot;onelinkScheme&quot;:&quot;viralo:\/\/&quot;}</string>
    <string name="AF_INSTALLATION">1771565878198-7825203629959447058</string>
    <boolean name="afUninstallToken_queued" value="false" />
    <int name="appsFlyerCount" value="6" />
    <long name="af_rc_timestamp" value="1771565878442" />
    <long name="AppsFlyerTimePassedSincePrevLaunch" value="1771566503359" />
    <boolean name="newGPReferrerSent" value="true" />
    <string name="appsFlyerFirstInstall">2026-02-20_110758+0530</string>
    <string name="attributionId">{&quot;af_status&quot;:&quot;Organic&quot;,&quot;af_message&quot;:&quot;organic install&quot;,&quot;is_first_launch&quot;:false}</string>
</map>
