<?xml version='1.0' encoding='utf-8' standalone='yes' ?>
<map>
    <long name="first_open_time" value="1771565877629" />
    <string name="gmp_app_id">1:1016786445882:android:261e15b806ebc08bee7703</string>
    <string name="app_instance_id">0dddd641a7d14a4c242147b7ca31b828</string>
    <long name="session_id" value="1771565877" />
    <boolean name="app_backgrounded" value="true" />
    <long name="health_monitor:start" value="1771565877773" />
    <boolean name="use_service" value="true" />
    <boolean name="deferred_analytics_collection" value="false" />
    <string name="previous_os_version">15</string>
    <boolean name="has_been_opened" value="true" />
    <boolean name="allow_remote_dynamite" value="true" />
    <long name="last_pause_time" value="1771566505964" />
    <boolean name="start_new_session" value="false" />
</map>
