<?xml version='1.0' encoding='utf-8' standalone='yes' ?>
<map>
    <long name="com.rzmod.Raj.classes.cloneTimestamp" value="1771566454934" />
    <long name="com.facebook.appevents.SessionInfo.sessionStartTime" value="1771566502884" />
    <long name="com.facebook.appevents.SessionInfo.sessionEndTime" value="1771566505963" />
    <boolean name="bg_startup_tracing" value="false" />
    <int name="com.facebook.appevents.SessionInfo.interruptionCount" value="0" />
    <int name="com.rzmod.Raj.classes.originalInstallVersionCode" value="261" />
    <string name="com.facebook.appevents.SessionInfo.sessionId">c6ed6081-d870-4d70-b5a8-a0f1faef1254</string>
</map>
