<?xml version='1.0' encoding='utf-8' standalone='yes' ?>
<map>
    <long name="fire-count" value="1" />
    <string name="last-used-date">2026-02-20</string>
    <long name="fire-global" value="1771565877653" />
    <set name="device-name/V2513i device-brand/vivo fire-transport/18.2.0 fire-installations/18.0.0 android-min-sdk/24 kotlin/2.1.0 react-native-firebase/21.7.4 fire-android/35 android-installer/com.android.vending fire-core/21.0.0 fire-core-ktx/21.0.0 fire-analytics/22.2.0 android-platform/ fire-fcm/24.1.0 android-target-sdk/27 device-model/V2513">
        <string>2026-02-20</string>
    </set>
</map>
