{"Fid":"cISPKNQ_RLOHhiQvpsv5Cc","Status":3,"AuthToken":"eyJhbGciOiJFUzI1NiIsInR5cCI6IkpXVCJ9.eyJhcHBJZCI6IjE6MTAxNjc4NjQ0NTg4MjphbmRyb2lkOjI2MWUxNWI4MDZlYmMwOGJlZTc3MDMiLCJleHAiOjE3NzIxMDkyNjYsImZpZCI6ImNJU1BLTlFfUkxPSGhpUXZwc3Y1Q2MiLCJwcm9qZWN0TnVtYmVyIjoxMDE2Nzg2NDQ1ODgyfQ.AB2LPV8wRQIgbSjOh5Wg_cHu3KFDwtwcUsynm5cxQsN4-FJBDe1KSkACIQDYWjrm2ftlxRy3NlUq8pTqYNZaM6omy44vN5XJSJfIAA","RefreshToken":"3_AS3qfwKpMhyMpZQlf2g3J3ZSilAgsEBs1FrjC78r81i38hHew5LdEPXXmMKlGtIVt1E3NV5lwY4E2uq4pZuRsX_xDD16ISDd3vhiQAbeq1hemfs","TokenCreationEpochInSecs":1771504466,"ExpiresInSecs":604800}