<?xml version='1.0' encoding='utf-8' standalone='yes' ?>
<map>
    <long name="last_upload" value="1771481970294" />
    <long name="first_open_time" value="1771481947091" />
    <string name="gmp_app_id">1:590258788164:android:5d7a0410fac3be7a77e911</string>
    <string name="app_instance_id">d80726a78c36d31233f52482415367fd</string>
    <long name="session_id" value="1771481947" />
    <boolean name="app_backgrounded" value="true" />
    <long name="health_monitor:start" value="1771481947254" />
    <boolean name="deferred_analytics_collection" value="false" />
    <long name="last_delete_stale" value="1112904488" />
    <string name="previous_os_version">9</string>
    <boolean name="has_been_opened" value="true" />
    <string name="health_monitor:value">2WC114010:Service invalid</string>
    <boolean name="allow_remote_dynamite" value="true" />
    <long name="last_pause_time" value="1771481971254" />
    <long name="midnight_offset" value="21399508" />
    <boolean name="start_new_session" value="false" />
    <long name="health_monitor:count" value="1" />
    <long name="last_upload_attempt" value="0" />
</map>
