<?xml version='1.0' encoding='utf-8' standalone='yes' ?>
<map>
    <string name="bnc_push_identifier">bnc_no_value</string>
    <string name="bnc_google_play_install_referrer_extras">bnc_no_value</string>
    <string name="bnc_initial_referrer">bnc_no_value</string>
    <boolean name="bnc_is_full_app_conversion" value="false" />
    <string name="bnc_link_click_id">bnc_no_value</string>
    <string name="bnc_external_intent_extra">bnc_no_value</string>
    <long name="bnc_install_begin_ts" value="1772083803" />
    <string name="bnc_randomized_device_token">1555440364989584140</string>
    <long name="bnc_last_known_update_time" value="1772084137619" />
    <string name="bnc_user_url">https://pratilipifm.app.link?%24randomized_bundle_token=1555440365899840315</string>
    <boolean name="bnc_triggered_by_fb_app_link" value="true" />
    <string name="bnc_session_params">bnc_no_value</string>
    <long name="bnc_original_install_time" value="1772084102744" />
    <string name="bnc_branch_key">key_live_giKSzNwCKvsKyUlpNclmedjgDvd9L4Wp</string>
    <string name="bnc_session_id">1555440508934238057</string>
    <string name="bnc_app_store_source">PlayStore</string>
    <string name="bnc_link_click_identifier">bnc_no_value</string>
    <string name="skip_url_format_key">{&quot;version&quot;:2,&quot;uri_skip_list&quot;:[&quot;^fb\\d+:((?!campaign_ids).)*$&quot;,&quot;^li\\d+:&quot;,&quot;^pdk\\d+:&quot;,&quot;^twitterkit-.*:&quot;,&quot;^com\\.googleusercontent\\.apps\\.\\d+-.*:\\\/oauth&quot;,&quot;^(?i).+:.*[?].*\\b(password|o?auth|o?auth.?token|access|access.?token)\\b&quot;]}</string>
    <string name="bnc_anon_id">d505578b-31bc-4378-905d-27746f810ee3</string>
    <string name="bnc_app_link">bnc_no_value</string>
    <string name="bnc_randomly_generated_uuid">79d54ab5-2b8d-4678-97f4-e8532c8edeba</string>
    <string name="bnc_referringUrlQueryParameters">{}</string>
    <string name="bnc_app_version">6.32.1</string>
    <string name="bnc_google_search_install_identifier">bnc_no_value</string>
    <string name="bnc_randomized_bundle_token">1555440365899840315</string>
    <long name="bnc_previous_update_time" value="1772084102744" />
    <string name="bnc_install_referrer">bnc_no_value</string>
</map>
