<?xml version='1.0' encoding='utf-8' standalone='yes' ?>
<map>
    <long name="first_open_time" value="1772084105866" />
    <string name="gmp_app_id">1:128527542179:android:16ab6d798dd786feb65c16</string>
    <string name="app_instance_id">b25526fb90bff4c3041115977fdfeabb</string>
    <long name="session_id" value="1772084106" />
    <boolean name="app_backgrounded" value="true" />
    <long name="health_monitor:start" value="1772084106274" />
    <boolean name="use_service" value="true" />
    <boolean name="deferred_analytics_collection" value="false" />
    <string name="previous_os_version">15</string>
    <boolean name="has_been_opened" value="true" />
    <boolean name="allow_remote_dynamite" value="true" />
    <long name="last_pause_time" value="1772084143862" />
    <boolean name="start_new_session" value="false" />
</map>
