<?xml version='1.0' encoding='utf-8' standalone='yes' ?>
<map>
    <set name="device-brand/vivo fire-cls/18.6.1 fire-sessions/1.2.1 fire-fcm/23.4.0 fire-core-ktx/20.4.2 fire-analytics/21.5.0 fire-abt/21.1.1 fire-core/20.4.2 android-installer/com.google.android.packageinstaller android-platform/ fire-transport/18.1.8 android-target-sdk/35 device-model/V2513 device-name/V2513i kotlin/2.0.21 android-min-sdk/23 fire-perf/20.5.1 fire-android/35 fire-auth/22.3.1 fire-installations/17.2.0 fire-rc/21.6.0 fire-rtdb/20.3.0 fire-dl/21.2.0 fire-fst/24.10.1">
        <string>2026-02-26</string>
    </set>
    <long name="fire-count" value="1" />
    <string name="last-used-date">2026-02-26</string>
    <long name="fire-global" value="1772084107335" />
</map>
